record_id,flood_risk_score
F104559,0.6936
F100765,0.5887
F107573,0.8881
F110345,0.183
F118850,0.6147
F118228,0.3114
F107230,0.2017
F118529,0.7343
F100418,0.6629
F104883,0.2907
F111040,0.3144
F108454,0.6336
F110834,0.3036
F100969,0.3981
F109368,0.7662
F102545,0.5033
F122488,0.4429
F103894,0.3012
F105408,0.1043
F112579,0.4907
F103663,0.749
F120363,0.0929
F124722,0.3093
F116480,0.2688
F114951,0.7775
F100738,0.2968
F110536,0.2903
F122026,0.222
F105117,0.5426
F108958,0.432
F116660,0.0032
F114422,0.3812
F120962,0.5455
F111174,0.7392
F113429,0.6901
F124188,0.5549
F117761,0.3419
F118236,0.4879
F107714,0.1936
F118833,0.4083
F100761,0.4234
F120268,0.5192
F109138,0.7791
F124412,0.7933
F120691,0.3453
F124661,0.4658
F108890,0.5565
F121417,0.3572
F118138,0.8754
F121512,0.2626
F108954,0.6191
F113146,0.4531
F105087,0.2779
F121469,0.5673
F102542,0.5164
F100209,0.5656
F124632,0.5551
F107038,0.4947
F100938,1.0
F107925,0.4813
F105361,0.2487
F105697,0.7091
F115744,0.8289
F107426,0.5581
F124172,0.8058
F104946,0.8341
F102095,0.1999
F123356,0.2873
F102650,0.5204
F106539,0.5105
F112891,0.3736
F108289,0.6533
F115077,0.7212
F122323,0.5181
F107204,0.9297
F113309,0.5023
F105741,0.1872
F113925,0.4054
F103318,0.1157
F105950,0.3902
F119672,0.3867
F109242,0.2931
F122020,0.2457
F111466,0.3995
F119578,0.7998
F104122,0.4319
F117075,0.6297
F119337,0.2788
F104315,0.7434
F115990,0.0207
F121530,0.5286
F107744,0.0322
F121368,0.4112
F104624,0.334
F104063,0.9996
F104344,0.7644
F118253,0.7493
F103315,0.552
F119431,0.5869
F112167,0.3908
F116395,0.2478
F107209,0.5336
F106831,0.6605
F110362,0.5949
F123715,0.7379
F114686,0.4888
F100236,0.3119
F105475,0.3687
F119724,0.5536
F121653,0.5806
F110182,0.4759
F124466,1.0
F109994,0.5819
F101098,0.7679
F110819,0.5483
F124937,0.5171
F105167,0.5334
F109738,0.2862
F117504,0.3061
F123201,0.4213
F104276,0.7363
F106674,0.6861
F102033,0.4253
F114776,0.6696
F106675,0.4841
F107195,0.4231
F115966,0.2095
F110078,0.6002
F101644,0.2109
F100635,0.6173
F106895,0.2496
F115420,0.7041
F122657,0.9619
F121159,0.6746
F106498,0.0357
F123880,0.3127
F121738,0.9058
F103530,0.332
F118037,0.3826
F121887,0.707
F117474,0.3656
F108838,0.5332
F110850,0.4432
F108920,0.788
F116417,0.5789
F123163,0.5386
F114455,0.5943
F101247,0.5108
F104992,0.4371
F118511,0.5136
F114644,0.5527
F102251,0.2168
F109818,0.2823
F111847,0.4653
F104955,0.7233
F119652,0.2467
F122133,0.543
F104993,0.6033
F113510,0.1563
F123557,0.3567
F113962,0.8725
F105947,0.3307
F106911,0.6748
F100652,0.5622
F109685,0.4966
F116475,0.4028
F104565,0.6432
F124062,0.3123
F115932,0.8154
F109613,0.1691
F102386,0.8109
F113483,0.3337
F117088,0.7006
F101277,0.6611
F124674,0.3238
F118679,0.7886
F100697,0.8464
F107785,0.3356
F109642,0.4062
F119574,0.3916
F114841,0.2585
F112762,0.5957
F123792,0.3308
F107168,0.4969
F120641,0.4358
F108273,0.4075
F124407,0.0
F114604,0.0712
F102970,0.4344
F122148,0.5515
F108010,0.6267
F117610,0.6718
F100140,0.196
F113938,0.2656
F121084,0.3015
F101060,0.4947
F108562,0.3733
F110164,0.6425
F110472,0.2326
F114543,0.3979
F122852,0.4453
F123987,0.5101
F106836,0.7579
F101754,0.3261
F113931,0.4567
F124553,0.147
F102295,0.6436
F112168,0.5458
F119601,0.105
F114744,0.4651
F102112,0.4075
F113311,0.3511
F101833,0.5177
F103038,0.1905
F120560,0.5347
F112035,0.6758
F111041,0.5082
F106820,0.0849
F122282,0.7606
F122812,0.0459
F121959,0.4583
F111241,0.3025
F115679,0.3796
F100487,0.0437
F110726,0.0916
F117027,0.605
F111810,0.8265
F112058,0.5102
F112471,0.2
F103296,0.5967
F115646,0.4101
F103349,0.6267
F122192,0.1645
F107979,0.6192
F124864,0.6085
F122862,0.4386
F118545,0.5139
F123305,0.6946
F110767,0.0704
F103752,0.1661
F121115,0.2135
F109639,0.1111
F101751,0.8665
F114586,0.4797
F112250,0.5211
F108536,0.5098
F116656,0.0792
F121706,0.5402
F118536,0.6383
F105191,0.5222
F104561,0.5127
F101998,0.4256
F115774,0.1228
F115983,0.0
F123259,0.5589
F100753,0.4281
F123982,0.3969
F116710,0.878
F102019,0.2247
F123612,0.5027
F115548,0.5506
F114793,0.2874
F101753,0.7407
F104066,0.4721
F107166,0.7494
F104321,0.6588
F105839,0.3938
F118851,0.4211
F109929,0.261
F118079,0.2499
F106387,0.2387
F117429,0.3628
F112211,0.231
F101550,0.4503
F121466,0.5421
F107148,0.5824
F118450,0.6071
F111865,0.5506
F110969,0.018
F109782,0.2203
F111408,0.5227
F108063,0.439
F120971,0.4204
F123231,0.3029
F122302,0.8093
F121337,0.5232
F119311,0.3536
F124628,0.377
F113156,0.0
F122818,0.3445
F116061,0.693
F114676,0.5909
F105188,0.2401
F109111,0.3839
F108985,0.1284
F118123,0.1153
F116826,0.3658
F111800,0.0
F110853,0.7074
F110615,0.6633
F107116,0.2627
F121710,0.5655
F100340,0.4306
F101311,0.2524
F106219,0.881
F114711,0.4882
F102516,0.3523
F124145,0.3074
F110628,0.1591
F104011,0.1933
F105525,0.3686
F120431,0.2146
F109437,0.299
F120177,0.9038
F112433,0.5964
F100873,0.2685
F123892,0.5521
F100488,0.3728
F123556,0.5325
F107354,0.279
F123503,0.4428
F119966,0.51
F117678,0.3339
F121895,0.3379
F122053,0.2612
F112917,0.2412
F106363,0.7817
F102370,0.4245
F117001,0.4004
F101693,0.4583
F105339,0.6201
F107942,0.6436
F101824,0.5877
F106272,0.433
F124074,0.6652
F106358,0.5032
F119832,0.4573
F110240,0.3275
F119296,0.2009
F109476,0.7209
F107789,0.4567
F100736,0.3423
F116588,0.2448
F122290,0.594
F101154,0.185
F102389,0.6003
F117811,0.6665
F111868,0.949
F101781,0.5137
F116332,0.0032
F111610,0.6349
F122095,0.3215
F109282,0.118
F105010,0.708
F119399,0.0383
F101522,0.4499
F119679,0.1968
F122804,0.4199
F108115,0.7765
F119513,0.9539
F115012,0.5925
F106658,0.7156
F119250,0.4245
F118688,0.373
F117432,1.0
F114870,0.7377
F103602,0.6312
F101598,0.3823
F109441,0.4785
F124954,0.1987
F115780,0.2918
F122592,0.4854
F109049,0.2961
F114002,0.3148
F114251,0.2467
F117006,0.6813
F115034,0.6619
F104720,0.5105
F109984,0.551
F119430,0.3869
F105198,0.0
F103837,0.3784
F114551,0.2653
F103104,0.7968
F120376,0.8411
F104851,0.6336
F120183,0.1407
F124885,0.7036
F102201,0.1273
F119491,0.1537
F104606,0.6572
F116372,0.5576
F119040,0.3909
F101915,0.2716
F109175,0.598
F115685,0.4034
F111428,0.76
F103111,0.2587
F110873,0.9225
F107633,0.6155
F107787,0.5167
F117530,0.2181
F111396,0.5577
F100767,0.6459
F123768,0.2623
F119595,0.3284
F120457,0.3158
F100411,0.1315
F124692,0.2902
F121841,0.3159
F120055,0.2563
F109741,0.1632
F116870,0.2784
F105897,0.4755
F111705,0.4003
F111019,0.4211
F112687,0.5334
F120794,0.6726
F108983,0.5321
F104288,0.401
F104780,0.6818
F111451,0.6752
F101955,0.9388
F108150,0.8338
F116150,0.5728
F100183,0.4161
F117639,0.3893
F121714,0.7369
F120937,0.49
F113890,0.5981
F108932,0.4129
F122822,0.5246
F109135,0.6876
F100552,0.2781
F101261,0.7287
F100114,0.3618
F117108,0.4743
F123679,0.1306
F111243,0.3019
F113133,0.6786
F104645,0.0574
F105874,0.3245
F119181,0.7988
F101394,0.0
F124488,0.4475
F116999,0.2571
F116068,0.9893
F118719,0.7643
F120589,0.681
F116146,0.4262
F119080,0.5228
F122698,0.3397
F121018,0.7998
F123107,0.7561
F122501,0.1713
F102275,0.7239
F108923,0.9407
F108770,0.7305
F118911,0.6745
F118847,0.6574
F107313,0.1868
F100472,0.6924
F101105,0.4879
F119002,0.3468
F122076,0.5001
F107518,0.4764
F101013,0.4856
F114054,0.2311
F111988,0.3604
F105303,0.8259
F118549,0.8513
F115072,0.8513
F103483,0.0503
F108248,0.4559
F107192,0.8572
F104489,0.2577
F115885,0.1942
F123246,0.3414
F124020,0.4989
F106433,0.5036
F108155,0.3606
F104023,0.8566
F105426,0.5538
F106140,0.549
F120579,0.0022
F109403,0.8017
F103161,0.3722
F120903,0.487
F114267,0.4969
F114603,0.5102
F101173,0.7137
F118312,0.8299
F112957,0.5454
F108174,0.5521
F107679,0.4623
F106552,0.7708
F123409,0.3785
F124647,0.4482
F116742,0.637
F117931,0.4233
F116665,0.966
F115205,0.38
F100312,0.2856
F116986,0.7228
F111842,0.0895
F124289,0.2063
F123926,0.404
F121069,0.663
F122330,0.1184
F102060,0.2287
F120022,0.4729
F120754,0.0
F100793,0.404
F103998,0.7659
F118846,0.5604
F110851,0.6728
F121612,0.6492
F118155,0.4497
F108002,0.506
F122670,0.3515
F124458,0.1202
F103392,0.596
F114535,0.355
F116547,0.4268
F102145,0.6528
F105687,0.4758
F109473,0.5243
F121006,0.1678
F112627,0.8121
F113522,0.6805
F118369,0.637
F106945,0.3127
F102604,0.5131
F100080,0.618
F111323,0.5762
F117613,0.2966
F110569,0.0281
F104756,0.5362
F118393,0.0
F114181,0.3372
F124170,0.3361
F101428,0.0622
F111588,0.6882
F117567,0.7677
F105661,0.2681
F124355,0.463
F114965,0.1998
F120057,0.3863
F122212,0.6978
F116977,0.0
F112559,1.0
F105212,0.6497
F100954,0.4261
F121941,0.5582
F115462,0.4745
F116974,0.3031
F106977,0.5312
F113158,0.3168
F104864,0.5106
F105837,0.623
F114309,0.578
F114564,0.6833
F106157,0.5769
F105206,0.548
F107052,0.3218
F107894,0.457
F120568,0.5164
F119555,0.4862
F110716,0.3736
F112055,0.4452
F120856,0.2687
F109446,0.2253
F105342,0.4087
F112668,0.4751
F107650,0.3824
F111844,0.4458
F115697,0.1806
F112253,0.123
F106643,0.3945
F116282,0.5687
F106165,0.2876
F120271,0.0
F123729,0.3817
F100377,0.9922
F108642,0.6301
F112115,0.4716
F102438,0.3258
F116606,0.4151
F118051,0.8931
F101272,0.8473
F122322,0.2886
F108021,0.4672
F109367,0.1856
F122111,0.1694
F112812,0.8476
F100908,0.9286
F113094,0.5055
F100501,0.1632
F118716,0.8454
F124793,0.9742
F107085,0.1987
F107738,0.5556
F110914,0.8234
F117788,0.2723
F118159,0.728
F108667,0.1464
F108071,0.4984
F103657,0.6928
F119748,0.4108
F101308,0.0859
F116569,0.8692
F100038,0.7671
F112205,0.3482
F103240,0.4063
F113950,0.6056
F100517,0.367
F118227,0.2505
F106284,0.7716
F107250,0.8068
F108987,0.8337
F115171,0.6424
F105144,0.4358
F106889,0.7011
F108820,0.5464
F117312,0.315
F106690,0.5447
F109425,0.2507
F106041,0.6703
F112476,0.4205
F117231,0.2694
F105013,0.3057
F103834,0.3684
F122912,0.3863
F124120,0.572
F116850,0.3208
F116021,0.6722
F102974,0.6165
F119415,0.1634
F106844,0.485
F112212,0.9649
F105832,0.4994
F121947,0.4962
F101841,0.51
F115295,0.1186
F102786,0.261
F108739,0.8363
F124052,0.428
F112033,0.2835
F109200,0.2662
F101307,0.7684
F116142,0.0798
F116923,0.7235
F112328,0.0
F109744,0.3921
F112901,0.5581
F100297,0.2078
F106331,0.8227
F108745,0.6008
F118987,0.3071
F109362,0.5181
F110804,0.3431
F107474,0.204
F114558,0.4826
F116890,0.5654
F113360,1.0
F115612,0.4584
F110049,0.4366
F108747,0.2206
F105182,0.3962
F104033,0.6704
F111015,0.5007
F115764,0.2826
F111029,0.7333
F115056,0.1837
F109302,0.6266
F122737,0.1152
F100416,0.2639
F108765,0.3939
F100382,0.3731
F119964,0.6824
F118924,0.5902
F119687,0.4197
F121773,0.8572
F103119,0.3464
F124159,0.1322
F113540,0.585
F119690,0.3537
F124124,0.9656
F106874,0.6668
F124254,0.5682
F117206,0.5185
F116103,0.2453
F122415,0.1454
F114830,0.6847
F100470,0.0198
F119810,0.9861
F107705,0.1877
F122443,0.3917
F101447,0.3745
F110636,0.6023
F118571,0.672
F124080,0.5648
F109930,0.4626
F108900,0.6693
F116182,0.5357
F107775,0.4117
F109914,0.4662
F107440,0.4927
F111821,0.6338
F116376,0.2241
F116093,0.3866
F114477,0.6437
F107480,0.3599
F111851,0.9721
F111086,0.7584
F123115,0.4011
F108151,0.5201
F105727,0.5954
F121308,0.45
F111963,0.2221
F120189,0.6656
F124354,0.0765
F106821,0.4385
F104285,0.6611
F119069,0.2095
F105983,0.5711
F100970,0.7609
F112515,0.8847
F116847,0.8232
F102872,0.3517
F120378,0.1664
F116531,0.7434
F109448,0.2409
F116394,0.4284
F104949,0.5272
F104022,0.4367
F109661,0.2386
F101127,0.3586
F105458,0.2291
F111359,0.4026
F104832,0.7362
F124194,0.0253
F105827,0.4539
F107425,0.6971
F102306,0.6763
F119913,0.8424
F101672,0.2369
F103056,0.2471
F104382,0.6683
F118968,0.7851
F124767,0.4174
F109725,0.3007
F102929,0.6714
F106360,0.3905
F115541,0.0556
F123884,0.5614
F113152,0.4182
F107913,1.0
F109226,0.5698
F105023,0.5765
F102322,0.7022
F103788,0.6856
F107396,0.2548
F115281,0.6096
F100273,0.477
F107970,0.592
F120773,0.1341
F112894,0.5867
F104441,0.8534
F111676,0.226
F113899,0.0369
F124975,0.5507
F109944,0.3685
F118346,0.3492
F121350,0.1836
F107638,0.3561
F121517,0.3414
F116362,0.5887
F102513,0.827
F119158,0.769
F119159,0.7299
F104153,0.4644
F101120,0.5406
F113681,0.3053
F121532,0.7048
F103335,0.7665
F101237,0.3413
F122458,0.5566
F120053,0.2096
F101349,0.5929
F108195,0.4409
F106115,0.3486
F101981,0.8388
F102653,0.3983
F111226,0.7197
F114911,0.4801
F104370,0.5134
F103728,0.6405
F109989,0.6832
F109136,0.1742
F109377,0.5297
F116367,0.4123
F121974,0.5903
F122473,0.9875
F106614,0.5279
F101124,0.2962
F115128,0.2488
F102816,0.2158
F103041,0.9921
F116138,0.3088
F117373,0.7784
F115252,0.2683
F124056,0.31
F119772,0.0729
F104436,0.9907
F107423,0.752
F100095,0.7069
F100364,0.8131
F112038,0.674
F104522,0.4446
F113109,0.2341
F110974,0.7051
F101872,0.0
F101068,0.7829
F104709,0.6591
F120644,0.8391
F110439,0.4866
F108131,0.7764
F109717,0.6263
F109622,0.0
F123571,0.3929
F102686,0.5736
F119216,0.9909
F123527,0.4469
F112500,0.3026
F120660,0.6032
F121830,0.5973
F104237,0.7217
F115190,0.8578
F118920,0.7532
F116871,0.4087
F116973,0.049
F123010,0.3334
F114876,0.2612
F110215,0.4402
F107723,0.6078
F108436,0.1981
F103074,0.5213
F114136,0.4669
F120082,0.3703
F115581,0.4272
F108293,0.4189
F115417,0.6772
F116833,0.7118
F100029,0.7753
F116985,0.8454
F111833,0.1881
F120260,0.6074
F109583,0.4254
F123693,0.4967
F115645,0.8714
F122301,0.8277
F119206,0.0048
F100826,0.3469
F111926,0.4321
F112417,0.6452
F110403,0.288
F119140,0.2958
F104695,0.5644
F123804,0.453
F117199,0.5987
F114751,0.7681
F113662,0.3657
F119786,0.7773
F109722,0.6011
F117726,0.1733
F120605,0.3047
F104546,0.8243
F119188,0.1587
F116439,0.4117
F111002,0.6884
F123070,0.7569
F106147,0.6506
F104932,0.2508
F109194,0.605
F115531,0.5235
F105641,0.5835
F112111,0.4589
F102598,0.5453
F109342,0.383
F118390,0.5448
F113576,0.6757
F106199,0.5225
F116290,0.4883
F107611,0.4226
F113223,0.2947
F118464,0.3381
F123013,0.5159
F120006,0.4289
F116478,0.2272
F101312,0.5833
F123042,0.3006
F100045,0.5361
F113407,0.5367
F113374,0.6176
F118256,0.4191
F104208,0.3207
F120343,0.4557
F101762,0.9388
F108658,0.44
F116339,0.2961
F124368,0.1571
F103787,0.8005
F113870,0.5408
F111713,1.0
F118677,0.6253
F104312,0.2124
F106606,0.4138
F118122,0.668
F106599,0.5941
F109570,0.3741
F113081,0.5444
F105129,0.9763
F109831,0.1898
F115161,0.2752
F122139,0.4324
F114634,0.44
F105517,0.3427
F114407,0.2811
F109772,0.2376
F124495,0.7223
F103543,0.5832
F124747,0.3087
F119084,0.5252
F115815,0.1443
F118726,0.3871
F119478,0.4401
F122521,0.4987
F102328,0.4852
F100842,0.3766
F104040,0.4297
F123101,0.511
F111886,0.2926
F101212,0.4547
F116420,0.2877
F118287,0.0
F111054,0.4263
F100706,0.3996
F120788,0.3571
F106477,0.3613
F116902,0.8359
F124738,0.3951
F105208,0.4662
F117963,0.8446
F119238,0.568
F106181,0.5364
F119735,0.4427
F122554,0.5828
F122008,0.3342
F111317,0.7179
F123120,0.6581
F114225,0.6519
F121985,0.6631
F110484,0.5486
F108430,0.6614
F115305,0.784
F124268,0.9325
F119847,0.2499
F102738,0.5884
F109464,0.0666
F124522,0.3955
F103969,0.2377
F109225,0.2118
F115136,0.0
F116931,0.5848
F122013,0.5839
F124436,0.6557
F104149,0.2182
F110606,0.8111
F124802,0.4127
F104345,0.29
F114672,0.4404
F119848,0.6728
F103290,0.7501
F104888,0.4569
F113520,0.4869
F119168,0.5778
F104655,0.3812
F100234,0.6885
F123659,0.5818
F121306,0.8118
F122919,0.2568
F119185,0.6167
F114557,0.5825
F120068,0.2313
F110255,0.485
F114668,0.395
F101784,0.1947
F123733,0.4164
F111087,0.2361
F108592,0.6994
F110370,0.4048
F124017,0.1958
F102724,0.0
F100722,0.608
F119291,0.4684
F104360,0.6958
F120415,0.4787
F104816,0.4141
F111397,0.3318
F112336,0.7283
F110568,0.2547
F106576,0.6473
F100151,0.7509
F110197,0.248
F109336,0.2195
F124798,0.276
F100162,0.5064
F101699,0.1456
F112645,0.4137
F112829,0.8463
F103331,0.4497
F120328,0.8846
F104367,0.0
F114200,0.3584
F104673,0.55
F122029,0.6072
F101404,0.6428
F109571,0.5586
F117648,0.4677
F123171,0.0359
F106429,0.7835
F119641,0.4368
F100178,0.1962
F117139,0.4966
F109205,0.5424
F123893,0.7021
F100733,0.5078
F105491,0.8261
F110633,0.4468
F116553,0.402
F105633,0.3124
F116134,0.2525
F121291,0.5966
F107773,0.6182
F108088,0.5077
F112707,0.5338
F109569,0.3852
F120566,0.4932
F123968,0.217
F123283,0.5838
F121506,0.8046
F118573,0.5234
F124881,0.7705
F103023,0.5407
F121534,0.0224
F114154,0.5387
F122007,0.5345
F104670,0.0521
F109248,0.3847
F110905,0.3748
F117212,0.4032
F121030,0.7718
F113457,0.6796
F109021,0.2059
F104306,0.5696
F107503,0.1218
F119787,0.6859
F109176,0.4249
F119859,0.799
F123185,0.4015
F117230,0.165
F116635,0.4107
F111519,0.5624
F104098,0.2732
F118801,0.4795
F116581,0.4896
F101213,0.7258
F124269,0.0568
F106830,0.7118
F104895,0.132
F114121,0.1126
F105776,0.7429
F119536,0.473
F122474,0.4395
F111688,0.6562
F107540,0.3369
F112403,0.7891
F105677,0.3128
F124624,0.1942
F112912,0.308
F108372,0.2114
F120719,0.6436
F104378,0.3393
F104813,0.3823
F116535,0.7563
F111736,0.5315
F106479,0.5193
F103242,0.6699
F107847,0.3944
F103745,0.4271
F118429,0.9335
F113004,0.4161
F119726,0.3803
F123790,0.2309
F100034,0.7244
F120440,0.294
F120180,0.0547
F103656,0.5871
F112455,0.8666
F114722,0.0261
F112118,0.5321
F113876,0.5981
F118160,0.4113
F107376,0.0
F116340,0.2202
F122412,0.4096
F115761,0.3838
F115139,0.791
F119614,0.1427
F103980,0.4863
F117948,0.4411
F114958,0.0317
F116637,0.2695
F104803,0.0387
F109432,0.3906
F113672,0.362
F109842,0.2527
F108896,0.2048
F107375,0.0112
F123387,0.4338
F109033,0.1675
F124376,0.4035
F115318,0.4797
F119660,0.9504
F121151,0.522
F120631,0.5063
F114549,0.5411
F101564,0.1556
F124619,0.2273
F116778,0.3844
F101453,0.7973
F120928,0.1344
F114264,0.0878
F112329,0.5759
F101843,0.4808
F106051,0.2774
F115673,0.4386
F121338,0.6583
F102169,0.7564
F119965,0.3981
F112596,0.6783
F108499,0.7689
F115880,0.5021
F123734,0.2329
F107446,0.5318
F117816,0.894
F105036,0.475
F114356,0.177
F104341,0.3081
F120665,0.6618
F117856,0.1825
F114709,0.4424
F114293,0.3953
F104545,0.8932
F120020,0.3971
F116643,0.6213
F112763,0.5454
F106407,0.3932
F104724,0.5691
F118714,0.0827
F124702,0.4807
F117532,0.442
F111065,0.5855
F101010,0.549
F106494,0.4012
F117477,0.247
F100685,0.0
F118386,0.2579
F119360,0.7389
F105237,0.6056
F110277,0.4811
F111872,0.1268
F106074,0.405
F117047,0.6358
F121491,0.231
F121176,0.767
F111292,0.2288
F123267,0.5464
F109498,0.5847
F118709,0.2933
F103696,0.5202
F116806,0.1836
F120702,0.3904
F104260,0.3159
F109515,0.3637
F121169,0.209
F113126,0.272
F110555,0.0
F111033,0.4747
F107429,0.3612
F109347,0.358
F105088,0.0071
F101848,0.8436
F109353,0.7051
F119003,0.6889
F102969,0.3294
F122274,0.5152
F104854,0.5583
F117822,0.4296
F107891,0.433
F105037,0.4046
F112575,0.8073
F114509,0.5447
F106600,0.7692
F109291,0.4708
F100317,0.3531
F110155,0.5965
F106033,0.8266
F108058,0.7198
F100261,0.131
F124396,0.3049
F118697,0.6541
F102451,0.2007
F102538,0.1676
F111894,0.5306
F121146,0.3224
F119246,0.9449
F106764,0.7236
F117322,0.2152
F115755,0.8578
F113605,0.5114
F102710,0.7999
F119391,0.4228
F123996,0.4744
F111637,0.6738
F115162,0.2768
F107792,0.5653
F123145,0.2319
F114613,0.4272
F123044,0.9954
F106749,0.4909
F100836,0.6497
F114598,0.2934
F107653,0.7618
F116849,0.4395
F108605,0.1861
F107383,0.62
F123911,0.5542
F111184,0.465
F110214,0.6508
F123822,0.7515
F112193,0.2215
F120841,0.6532
F117956,0.9982
F124877,0.2704
F100062,0.5458
F101837,0.4473
F123424,0.4652
F120509,0.6064
F120729,0.412
F108163,0.4377
F110580,0.6051
F102803,0.4517
F122612,0.7088
F104600,0.548
F113106,0.352
F101545,0.5224
F121559,0.8247
F104337,0.2702
F122298,0.0524
F118818,0.4631
F121191,0.4716
F110094,0.1823
F117833,0.8731
F118565,0.5698
F105137,0.1797
F102304,0.4821
F101992,0.2983
F105940,0.0
F120312,0.458
F122523,0.4567
F105644,0.2834
F114930,0.5589
F102055,0.4045
F101865,0.7748
F113006,0.4427
F111517,0.8253
F107205,0.5775
F100281,0.2912
F106249,0.5043
F101795,0.3588
F123338,0.294
F100417,0.8367
F107552,0.4861
F100421,0.6772
F122717,0.3069
F110029,0.7021
F116213,0.2049
F120203,0.4631
F121400,0.638
F102410,0.7122
F113164,0.656
F112430,0.469
F110772,0.555
F107726,0.7999
F115940,0.2929
F102875,0.2296
F119355,0.7708
F113306,0.5731
F105384,0.3091
F123072,0.505
F109979,0.7206
F113891,0.4495
F109099,0.3968
F108435,0.418
F123416,0.3439
F101919,0.1103
F101766,0.4436
F115238,0.5403
F119887,0.4912
F118656,0.276
F111062,0.5208
F124530,0.7014
F107975,0.5623
F104548,0.0
F110843,0.5259
F110256,0.4168
F109074,0.5159
F124484,0.6018
F120196,0.9394
F104294,0.2525
F107467,0.4662
F120244,0.6846
F123187,0.2863
F112771,0.6088
F117023,0.5851
F119213,0.3879
F113098,0.0
F116855,0.2879
F101306,0.7827
F100909,0.7748
F114368,0.2775
F114371,0.2581
F120980,0.6078
F118550,0.9928
F104843,0.5254
F118498,0.0637
F104761,0.0802
F113347,0.7431
F110363,0.6558
F102342,0.3602
F102609,0.5384
F114479,0.5252
F108351,0.9004
F112614,0.0824
F112204,0.6082
F119447,0.3029
F109298,1.0
F116652,0.7348
F119068,0.1112
F105089,0.726
F101636,0.7667
F106619,0.594
F118108,0.7208
F112851,0.3399
F115111,0.5134
F111622,0.7153
F108793,0.218
F118800,0.283
F115275,1.0
F102362,0.7024
F107284,0.7498
F120471,0.557
F123050,0.6159
F119940,0.1389
F121582,0.9456
F114972,0.1641
F108065,0.4928
F120580,0.3163
F114945,0.7987
F102408,0.4402
F110431,0.8569
F103669,1.0
F123781,0.7248
F115715,0.6071
F108380,0.1225
F106089,1.0
F113793,0.461
F103269,0.3968
F110531,0.4159
F103529,0.7617
F109149,0.4898
F117568,0.5844
F122152,0.676
F106396,0.4616
F101797,0.9525
F112318,0.1345
F103122,0.1694
F124064,0.8421
F118639,0.3289
F115913,0.4814
F109873,0.3547
F120091,0.5089
F112609,0.4175
F114961,0.1669
F119734,0.7599
F114566,0.4893
F117003,0.5364
F105055,0.6709
F102011,0.4854
F100934,0.3311
F111696,0.1112
F108316,0.3342
F115710,0.3969
F108210,0.5058
F101403,0.4719
F114763,0.7875
F103191,0.502
F112148,0.205
F112365,0.4445
F110678,0.2885
F108746,0.7168
F124293,0.5846
F109222,0.1553
F103183,0.7021
F101183,0.4085
F107095,0.4411
F110704,0.3731
F122267,0.3442
F101657,0.3371
F106951,0.684
F124399,0.3813
F112526,0.5018
F119013,0.6339
F117862,0.3133
F122016,0.8542
F119088,0.407
F107519,0.4357
F122224,0.4646
F114056,0.1803
F106801,0.455
F110016,0.9636
F111578,0.367
F113671,0.3726
F100966,0.657
F121428,0.4773
F123633,0.267
F102981,0.3284
F108192,0.4004
F106415,0.232
F105420,0.1784
F102891,0.2978
F112864,0.3902
F119796,0.1482
F122286,0.0601
F111968,0.2075
F119271,0.3051
F121319,0.5433
F122989,0.7536
F110587,0.5861
F119835,0.4526
F113804,0.6042
F120608,0.1009
F100063,0.1974
F111602,0.3582
F107242,0.2607
F111447,0.4842
F106101,0.2552
F120610,0.5367
F111823,0.101
F110848,0.4321
F104147,0.5376
F120801,0.5857
F108269,0.5947
F122035,0.2975
F102387,0.4128
F124608,0.2496
F117790,0.4942
F104029,0.3364
F115235,0.5315
F110891,0.8001
F122291,0.3271
F114721,0.5238
F109328,0.7081
F107995,0.4197
F121056,0.1417
F111933,0.7034
F117608,0.2023
F107155,0.0
F108926,0.3885
F106237,0.693
F112467,0.4559
F117632,0.7545
F101380,0.855
F101621,0.4416
F115108,0.2011
F122264,0.5359
F100303,0.6834
F105445,0.7252
F102267,0.8022
F119046,0.5225
F122308,0.1929
F107153,0.7773
F117843,0.8664
F101910,0.4562
F114196,0.7153
F105769,0.154
F119541,0.6808
F114088,0.3817
F115915,0.0
F119736,0.3702
F111740,0.1285
F114594,0.3137
F116558,0.2688
F113078,0.4514
F100369,0.6261
F110194,0.3788
F105193,0.2698
F124542,0.4257
F104589,0.2165
F104361,0.7822
F116568,0.488
F117695,0.8207
F104183,0.6324
F103675,0.7351
F102368,0.2727
F113625,0.2815
F118503,0.2047
F122740,0.6907
F106321,0.3857
F110321,0.5502
F103934,0.1644
F121797,0.5882
F102651,0.3856
F120766,0.7254
F118858,0.0945
F104815,0.2857
F115827,0.3308
F101686,0.4541
F114701,0.2623
F114078,0.6121
F117801,0.3573
F122684,0.4416
F123855,0.5088
F108565,0.5672
F114810,0.6801
F105579,0.6613
F106859,0.4973
F105364,0.2403
F116307,0.6941
F121889,0.6074
F122442,0.1856
F123936,0.6186
F121631,0.6475
F117055,0.3887
F109654,0.7665
F124546,0.2903
F113811,0.5979
F118936,0.2243
F124526,0.411
F116075,0.4986
F117880,0.0
F100117,0.2826
F101966,0.7326
F114404,0.2397
F115372,0.2745
F109898,0.318
F113034,0.169
F111045,0.0
F109096,0.2088
F108596,0.4892
F119689,0.4955
F102311,0.518
F108047,0.8516
F116621,0.4812
F101279,0.618
F102314,0.7001
F122908,0.459
F109229,0.5806
F111778,0.5898
F124529,0.2677
F101674,0.3616
F110878,0.8386
F101942,0.9336
F100662,0.4337
F114234,0.4519
F119443,0.5853
F116400,0.655
F106975,0.6362
F102758,0.3437
F109727,0.1554
F107258,0.3089
F102979,0.4796
F115578,0.2708
F107711,0.2165
F103091,0.3549
F117680,0.6919
F101508,0.022
F115284,0.3467
F109277,0.0
F107648,0.7565
F102072,0.3228
F110092,0.0
F116611,0.5457
F103080,0.6471
F101913,0.3234
F122131,0.4338
F124057,0.5405
F112930,0.0863
F105262,0.4839
F117660,0.4011
F102962,0.6021
F110450,0.1673
F117292,0.6915
F100124,0.5638
F107355,0.6905
F100676,0.4831
F118568,0.4537
F121315,0.4185
F105243,0.6872
F115486,0.4979
F105536,0.8304
F122476,0.1624
F114635,0.4173
F114860,0.8491
F120946,0.479
F107566,0.2536
F113521,0.2079
F106032,0.4019
F100430,0.5631
F108705,0.5194
F114616,0.5099
F117673,0.6482
F111701,0.1806
F120700,0.4686
F123090,0.0456
F115296,0.5913
F119856,0.5576
F105403,0.6049
F102948,0.3719
F119484,0.5386
F111890,0.2002
F120961,0.5755
F103322,0.4951
F101204,0.0928
F100381,0.2466
F111363,0.6916
F108761,0.5262
F106107,0.8988
F101048,0.7358
F113832,0.3421
F103620,0.532
F120874,0.8242
F108396,0.3904
F103921,0.2731
F114217,0.588
F118553,0.6177
F102942,0.6843
F111745,0.1276
F124294,0.0
F117821,0.3453
F102501,0.2439
F121007,0.3553
F109120,0.4612
F124906,0.6015
F110934,0.0
F103892,0.6402
F101988,0.3237
F117297,0.7795
F103333,0.1269
F124532,0.5413
F110317,0.7789
F101326,0.6758
F123640,0.185
F122450,0.5595
F121658,0.2731
F105792,0.225
F104454,0.938
F120705,0.7071
F111750,0.2706
F109324,0.0274
F106103,0.294
F107508,0.4648
F116292,0.3089
F110812,0.548
F118252,0.4274
F110876,0.2021
F115199,0.3672
F111179,0.6024
F124475,0.508
F103147,0.3387
F100344,0.6495
F116474,0.7248
F109615,0.5892
F108437,0.7459
F107824,0.6124
F122006,0.372
F112927,0.731
F112746,0.5374
F110474,0.4389
F124709,0.012
F115106,0.7785
F123513,0.9685
F118216,0.4761
F112998,0.3565
F105529,0.0579
F108501,0.79
F108282,0.4977
F113583,0.451
F100574,0.156
F118499,0.1467
F109104,0.188
F122637,1.0
F122437,0.5954
F124901,0.1446
F106283,0.4174
F110003,0.2669
F124217,0.1451
F101199,0.8576
F102781,0.4424
F110469,0.4781
F109133,0.6908
F124950,0.9847
F120339,0.3763
F105887,0.8181
F112225,0.2569
F107370,0.2856
F103559,0.0366
F107478,0.4898
F104308,0.4489
F104732,0.1783
F115187,0.3171
F118012,0.4745
F117228,0.4227
F116614,0.158
F107910,0.4129
F116998,0.225
F115046,0.8139
F110361,0.6426
F118665,0.81
F109652,0.3437
F114497,0.2009
F104957,0.5062
F101949,0.2516
F123522,0.3702
F117038,0.4306
F102234,0.6348
F116997,0.6571
F107715,0.2749
F106209,0.4869
F114631,0.7385
F111047,0.5285
F107722,0.427
F123629,0.9074
F105307,0.2384
F100276,0.5971
F120474,0.5941
F114160,0.7042
F110975,0.2549
F118874,0.2684
F104088,0.6462
F100779,1.0
F109610,0.7315
F102568,0.3973
F122318,0.2568
F107513,0.7983
F121989,0.1881
F105505,0.4518
F116533,0.8465
F106849,0.3531
F106802,0.4228
F124883,0.0
F103571,0.2236
F112567,0.3135
F113994,0.5093
F122663,0.3206
F122659,0.6615
F108701,0.4337
F102880,0.3313
F108569,1.0
F121717,0.6671
F109974,0.7798
F120370,0.6552
F117473,0.6524
F112693,0.5068
F105000,0.53
F100285,0.5216
F114122,0.5409
F105751,0.5514
F107788,0.5965
F115467,0.6697
F102622,0.0
F107899,0.3341
F102079,0.0
F109416,0.8113
F104238,0.2241
F100461,0.4526
F112622,0.1478
F110160,0.5503
F112915,0.199
F114018,0.7041
F113896,0.2465
F120170,0.4295
F113854,0.2264
F103818,0.1152
F106810,0.4759
F113124,0.5379
F100838,0.4689
F102996,0.6272
F115842,0.5746
F114888,0.7574
F101293,0.4747
F115443,0.5511
F107521,0.3801
F115413,0.4029
F114250,0.3687
F118786,0.5085
F122254,0.275
F121689,0.8107
F117848,0.6599
F100852,0.7246
F122845,0.6984
F123435,0.7675
F111311,0.6404
F115693,0.596
F114977,0.2831
F104897,0.2375
F104821,0.4234
F114993,0.5095
F100904,1.0
F103244,0.5615
F107784,0.0914
F112491,0.0
F116895,0.4794
F100545,0.1855
F104812,0.2562
F107098,0.3307
F124363,0.3994
F116584,0.0
F107171,0.4355
F122313,0.3301
F106383,0.51
F104226,0.6228
F115928,0.3572
F121080,0.4372
F124138,0.5377
F112198,0.0
F103361,0.7666
F114204,0.1593
F117323,0.8816
F108519,0.4302
F116883,0.5882
F112759,0.6845
F111901,0.6949
F120650,0.3053
F103826,0.7072
F112527,0.4883
F122498,0.3024
F124072,0.5565
F103159,0.2773
F108242,0.6484
F119219,0.4079
F120620,0.6556
F116601,0.4457
F112813,0.2841
F121489,0.4203
F112435,0.2785
F113841,0.3779
F106438,0.1246
F119840,0.4782
F114199,1.0
F111612,0.0
F117617,0.6316
F121901,0.3489
F108459,0.2548
F124668,0.6693
F118354,0.5833
F100578,0.4181
F104874,0.317
F108094,0.1953
F119640,0.5923
F121313,0.7378
F108467,0.5656
F121072,0.8969
F113024,0.1106
F118961,0.4713
F112331,0.5151
F111393,0.5225
F118824,0.7745
F104630,0.7644
F119694,0.6817
F115168,0.5866
F113160,0.726
F112047,0.3793
F119427,0.2815
F101595,0.4487
F109179,0.1204
F100275,0.3136
F111079,0.4658
F109465,0.5288
F112919,0.6309
F124460,0.4107
F115813,0.7995
F121070,0.4992
F105662,0.7314
F109958,0.1287
F114149,0.5184
F114380,0.0
F111485,0.5818
F101685,0.2536
F117721,0.2446
F107967,0.3949
F119972,0.6105
F122321,0.55
F100012,0.6735
F119093,0.6372
F100667,0.2659
F110167,0.2248
F123985,0.4384
F123465,0.511
F123655,0.7851
F124835,0.6741
F103445,0.8356
F115195,0.1648
F120478,0.4534
F101017,0.5649
F124732,0.611
F110965,0.0226
F118844,0.8903
F107954,0.734
F111156,0.4758
F100623,0.2686
F104855,0.4419
F119661,0.3797
F100599,0.8039
F103358,0.4799
F107994,0.6362
F117248,1.0
F103476,0.9469
F102399,0.6604
F119623,0.7953
F111593,0.3864
F122377,0.981
F120253,0.4626
F122347,0.6121
F124561,0.7442
F108281,0.7012
F106031,0.1878
F112641,0.695
F114279,0.5462
F114552,0.0945
F113767,0.4447
F114432,0.4068
F106840,0.3868
F107323,0.345
F115626,0.6271
F109540,0.3955
F114980,0.666
F118205,0.4153
F124755,0.216
F115152,0.388
F101796,0.849
F113981,0.6149
F112050,0.6298
F119564,0.5801
F116438,0.4636
F109893,0.2386
F106047,0.675
F102657,0.4396
F111568,0.6259
F121907,0.2483
F124040,0.2604
F109261,0.5203
F112642,0.5414
F105759,0.1208
F120095,0.2997
F118721,0.9179
F123330,0.4396
F123851,0.43
F124150,0.3395
F114705,0.6479
F101299,0.6982
F124749,0.372
F115566,0.5636
F104414,0.9155
F103154,0.1655
F117644,0.1357
F117213,0.1171
F103504,0.6416
F109589,0.6021
F123196,0.5766
F119529,0.2089
F116689,0.3818
F106997,0.014
F107128,0.6483
F116356,0.5871
F104563,0.5099
F114657,0.6873
F115824,0.3355
F110572,0.5581
F115702,0.4943
F122399,0.852
F110201,0.0937
F102157,0.429
F109472,0.9697
F103211,0.3353
F122265,0.5052
F102927,0.0702
F111582,0.4895
F121411,0.479
F114336,0.4566
F107007,0.1773
F111569,0.6117
F105846,0.7844
F101168,0.5286
F115923,0.1155
F102593,0.5446
F113640,0.3233
F121066,0.0
F124919,0.8878
F114084,0.5298
F106809,0.7342
F104024,0.8774
F105616,0.552
F111082,0.6116
F105244,0.2079
F111099,0.6597
F109961,0.6183
F103033,0.5174
F102794,0.5128
F112356,0.406
F113831,0.5656
F104280,0.7914
F109521,0.2549
F123888,0.4452
F112485,0.6081
F109273,0.7151
F118391,0.5408
F103822,0.053
F100116,0.4471
F113084,0.6503
F107233,0.4386
F107585,0.3821
F117529,0.7937
F121589,0.4487
F103116,0.5873
F122459,0.4864
F107724,0.2001
F117749,0.5211
F116278,0.6476
F101629,0.5982
F101577,0.7174
F120763,0.584
F112218,0.3807
F108583,0.5614
F103258,0.7265
F100848,0.6695
F122727,0.7313
F117009,0.083
F118990,0.3839
F104102,0.5535
F115599,0.2014
F118788,0.354
F112935,0.5053
F118331,0.351
F114359,0.6708
F100246,0.7115
F116622,0.3776
F108938,0.2897
F104396,0.2055
F117056,0.342
F123896,0.6703
F120726,0.858
F121823,0.5178
F113548,0.1893
F120616,0.3663
F116391,0.4354
F113049,0.3325
F113818,0.7375
F110072,0.575
F109588,0.5494
F115906,0.4201
F120576,0.8042
F118413,0.1668
F113174,0.2475
F108700,0.309
F120069,0.4143
F117480,0.4282
F117064,0.3704
F112404,0.7846
F112863,0.4393
F103935,0.5513
F124344,0.7553
F118087,0.4955
F107237,0.5611
F113866,0.4576
F120676,0.6982
F106787,0.4814
F105649,0.3919
F124100,0.1317
F115945,0.4613
F100441,0.5333
F102525,0.4532
F122088,0.7329
F118867,0.2253
F107232,0.1231
F102769,0.3896
F110807,0.4319
F100438,0.4056
F121910,0.4307
F111480,0.9575
F123340,0.6363
F103042,0.2014
F107596,0.3278
F115776,0.6697
F102502,0.7035
F111318,0.555
F112062,0.4497
F124792,0.2134
F122966,0.0226
F110465,0.3243
F116038,0.6506
F102188,0.6508
F122326,0.6171
F114610,0.3401
F112674,0.0798
F113381,0.4395
F115351,0.5167
F100891,0.0
F112199,0.3267
F119698,0.7006
F123440,0.0904
F101164,0.4065
F108790,0.6233
F109130,0.2902
F123152,0.8106
F101544,0.5289
F103474,0.3285
F109574,0.9563
F121431,0.2453
F114966,0.1863
F119928,0.2955
F113901,0.355
F100133,1.0
F114828,0.677
F115554,0.1681
F105903,0.9613
F123392,0.6679
F109145,0.294
F105656,0.2424
F111280,0.4204
F107504,0.7646
F105564,0.5638
F106909,0.4367
F116486,0.4163
F124281,0.6498
F111436,0.1965
F123782,0.8017
F107371,0.3971
F115651,0.5079
F116494,0.7793
F108845,0.4632
F115890,0.0783
F119552,0.3833
F111516,0.0078
F112465,0.596
F100643,0.4069
F123291,0.0829
F108470,0.1157
F106417,0.4829
F103424,0.0108
F119908,0.2139
F105719,0.1228
F113530,0.5946
F120259,0.6772
F101281,0.2654
F111685,0.26
F105203,0.2953
F107678,0.2253
F119335,0.6022
F103601,0.6139
F118229,0.5461
F116112,0.9524
F111818,1.0
F105707,0.0475
F112311,0.8687
F115246,0.398
F103359,0.4158
F120089,0.6818
F120875,0.8242
F104362,0.419
F114442,0.492
F114182,0.2591
F110118,0.4647
F106175,0.3485
F108537,0.2127
F103204,0.4758
F124978,0.5103
F122021,0.4839
F118039,0.6512
F101238,0.4455
F113274,0.567
F104550,0.6671
F101330,0.7359
F116399,0.0641
F116644,0.2995
F116854,0.4844
F104164,0.6648
F116185,0.5831
F105730,0.5312
F114152,0.4139
F111128,0.4397
F108709,0.2639
F115912,0.3695
F119894,0.4569
F106493,0.5901
F101189,0.7325
F111139,0.5515
F111006,0.6659
F107577,0.3832
F117510,0.4334
F120494,0.7581
F117719,0.1484
F122879,0.6452
F107625,0.7796
F105437,0.7172
F118010,0.4862
F116881,0.6377
F100187,0.0661
F121376,0.6013
F109587,0.6011
F103688,0.903
F121488,0.4626
F117629,0.3699
F105425,0.7325
F121404,0.6338
F118337,0.3551
F104030,0.6649
F115256,0.4739
F123740,0.3472
F109670,0.0
F110823,0.756
F103197,0.5639
F115021,0.2863
F100459,0.0063
F122047,0.2488
F113025,0.4757
F120777,0.5817
F102882,0.6222
F105070,0.2323
F114682,0.4987
F116192,0.1534
F104397,0.499
F120524,0.3427
F119934,0.5457
F110929,0.415
F102859,0.6289
F124754,0.1527
F101087,0.2036
F109233,0.3825
F112119,0.7858
F122242,0.5235
F120785,0.4433
F124559,0.3374
F110824,0.5418
F118459,0.459
F103051,0.2703
F105150,0.4159
F124944,0.6639
F103363,0.5789
F101489,0.6696
F109369,0.5426
F104904,0.5231
F111766,0.7431
F111931,0.1907
F103979,0.8467
F110559,0.4594
F122549,0.1305
F119047,0.5114
F106513,0.5694
F100803,0.7682
F110961,0.3383
F107236,0.4026
F109756,0.8303
F105762,0.4595
F110064,0.8707
F117417,0.4056
F100074,0.6268
F109326,0.4067
F114621,0.4094
F104151,0.5453
F118524,0.4186
F103836,0.4896
F113787,0.6953
F105820,0.8535
F103783,0.6045
F108993,0.3744
F100775,0.5205
F107481,0.5843
F111112,0.8015
F117751,0.7524
F112203,0.2926
F111119,0.6131
F117114,0.2957
F111458,0.3943
F115086,0.3716
F107349,0.5979
F103152,1.0
F103723,0.5439
F110188,0.3787
F121282,0.5241
F111781,0.7365
F110537,0.3584
F114249,0.6123
F103527,0.6484
F115596,0.6532
F121388,0.6339
F104942,0.4634
F116910,0.5501
F106905,0.3137
F112994,0.254
F120535,0.6538
F105123,0.9545
F114679,0.4412
F101779,0.3128
F118270,0.3762
F123714,0.3752
F112307,0.6025
F115870,0.5216
F113144,0.4922
F123133,0.7379
F114349,0.2712
F121855,0.3702
F111044,0.2868
F108224,0.4703
F102671,0.6344
F113859,0.4223
F120245,0.9195
F106290,0.3193
F105685,0.5859
F105097,0.6134
F110498,0.5783
F106123,0.3821
F122927,0.3605
F115219,0.9112
F101377,0.6095
F117468,0.3433
F118829,0.5219
F112690,0.3616
F114255,0.272
F111474,0.6388
F121971,0.7985
F108844,0.4406
F113348,0.0
F104569,0.4889
F120611,1.0
F113173,0.3511
F118633,0.781
F104251,0.5012
F104671,0.339
F123798,0.6166
F116010,0.4122
F117979,0.4353
F122376,0.62
F108669,0.6227
F115302,0.5906
F122815,0.4468
F119004,0.6391
F118644,0.2492
F124540,0.5398
F121332,0.2081
F109027,0.0
F119425,0.3959
F107040,0.7557
F112722,0.4753
F100681,0.3309
F120514,0.0
F101855,0.3686
F123344,0.5968
F101123,0.1385
F108986,0.7002
F122938,0.3413
F116817,0.3649
F109201,0.4289
F103697,0.2544
F115502,0.5429
F118720,0.3481
F102464,0.4876
F113800,0.4553
F119446,0.5391
F105054,0.7374
F124894,1.0
F115433,0.0
F119757,0.5696
F120112,0.4776
F118927,0.4754
F120805,0.418
F112273,0.4322
F116197,0.2715
F114863,0.1373
F118241,0.3821
F119729,0.6502
F122423,0.5276
F105359,0.2297
F123129,0.5442
F108755,0.7085
F109675,0.3475
F110349,0.1509
F120381,0.4223
F124501,0.2783
F104682,0.3529
F124009,0.4823
F108849,0.795
F115855,0.6652
F111929,0.4625
F116938,0.1371
F113587,0.3376
F102665,0.6549
F106210,0.3779
F121703,0.2785
F112925,0.4689
F116899,0.3349
F124171,0.6527
F124990,0.5242
F120039,0.573
F111382,0.6314
F108213,0.4996
F107820,0.112
F115509,0.5726
F118349,0.2274
F104318,0.2296
F118304,0.3153
F111005,0.0177
F106972,0.9328
F109404,0.6286
F124981,0.3818
F122758,0.6713
F120098,0.0476
F111347,0.2994
F115655,0.7609
F121415,1.0
F110492,0.5336
F106495,1.0
F120074,0.8367
F102440,0.5478
F123489,0.3426
F108096,0.6177
F108872,0.0
F119904,0.5383
F112636,0.2277
F106662,0.8962
F115898,0.5418
F112108,0.2482
F121024,0.342
F112774,0.6956
F111413,0.6073
F109759,0.8637
F100772,0.3852
F112389,0.5651
F122276,0.3256
F105336,0.7785
F101607,0.5659
F121295,0.5185
F124818,0.1454
F112531,0.4739
F121503,0.4787
F113282,0.4524
F106428,0.5608
F123390,0.0
F100274,0.616
F123460,0.7515
F105884,0.5763
F116602,0.4694
F101451,0.5142
F105282,0.5072
F110639,0.3464
F123126,0.4507
F122571,0.45
F105726,0.2751
F121789,0.2591
F117998,0.8673
F101634,0.6666
F122216,0.6734
F122406,0.6462
F101560,0.9678
F116183,0.4646
F120127,0.3959
F118436,0.6669
F113853,0.3232
F119350,0.1543
F121868,0.3607
F118879,0.1751
F112708,0.7288
F109637,0.4612
F102757,0.1171
F124866,0.2428
F102873,0.7032
F109215,0.2769
F123681,0.3461
F117392,0.2848
F104750,0.4884
F117615,0.351
F106295,0.8783
F104877,0.4537
F101582,0.4485
F119339,0.4592
F121141,0.5453
F120774,0.7093
F114494,0.6316
F122672,0.5503
F120362,0.3356
F110151,0.6387
F108911,0.2185
F118926,0.5183
F117352,0.3416
F103991,0.7807
F107315,0.5731
F104856,0.4216
F123322,0.7579
F103486,0.06
F110563,0.5314
F111624,0.4455
F121013,0.4249
F114715,0.3834
F118999,0.4539
F107957,0.2492
F118045,0.5371
F122002,0.4435
F103326,0.7471
F110651,0.7592
F121518,0.507
F104349,0.208
F121134,1.0
F114934,0.3686
F102900,0.6026
F113777,0.5846
F120023,0.279
F101205,0.0
F115040,0.2642
F123546,0.6681
F108218,0.0558
F108033,0.1769
F107014,0.3244
F121079,0.2507
F105514,0.7152
F104662,0.716
F119205,0.5798
F123188,0.407
F112304,0.6715
F122885,0.5727
F124825,0.0213
F104777,0.4863
F108969,0.7689
F116859,0.4958
F117296,0.0
F110562,0.3794
F122435,0.6965
F114589,0.5192
F117083,0.4699
F103683,0.3985
F120173,0.7156
F107869,0.2729
F109736,0.8422
F115522,1.0
F113163,0.2278
F110841,0.7929
F119566,0.8696
F113638,0.5792
F116398,0.3975
F109054,0.0
F121206,0.4731
F114011,0.1525
F108561,0.6734
F112178,0.318
F103775,0.3729
F117690,0.8847
F110297,0.1959
F109301,0.3456
F113691,0.6911
F108570,0.3079
F110817,0.5039
F102335,0.1005
F107243,0.4093
F102543,0.5224
F112852,0.9881
F124523,0.6867
F117169,0.5213
F122369,0.279
F121303,0.6229
F113914,0.3028
F105755,0.6017
F107263,0.4736
F118103,0.4376
F114588,1.0
F118190,0.4352
F113620,0.093
F112699,0.6943
F117741,0.2035
F112564,0.4599
F108405,0.4183
F101225,0.2
F114620,0.5406
F101537,0.5772
F112840,0.501
F124469,0.2488
F103839,0.2383
F102778,0.7284
F100456,0.9373
F102175,0.9598
F102961,0.658
F110479,0.5154
F116285,0.3668
F105600,0.5683
F104202,0.224
F107740,0.4296
F102813,0.2498
F109985,0.3416
F121652,0.5245
F117217,0.3609
F113204,0.3337
F123432,0.2569
F124423,0.4325
F104231,0.4072
F123691,0.3189
F102716,0.0
F115196,0.5393
F121973,0.4716
F122877,0.1186
F113118,0.4169
F121209,0.7564
F124144,0.4807
F121200,0.3196
F111646,0.492
F116909,0.4924
F102684,0.4066
F120306,0.0388
F117528,0.3156
F112964,0.7699
F119204,0.1062
F103012,0.5038
F116878,0.1634
F115026,0.7816
F104929,0.5995
F122917,0.7311
F118178,0.247
F103158,0.834
F120762,1.0
F118876,0.0573
F102203,0.4277
F104143,0.085
F110444,0.4848
F102595,0.441
F106825,0.8883
F122839,0.7665
F117499,0.4998
F121366,0.7655
F124345,0.2457
F123666,0.9111
F124745,0.3627
F112321,0.4811
F114231,0.9453
F123891,0.1713
F100990,0.5925
F101219,0.2755
F109500,0.4039
F106709,0.6974
F119979,0.0807
F122162,0.6709
F108408,0.7755
F121187,0.4882
F108410,0.6192
F117014,0.6148
F105706,0.6493
F115869,0.3873
F119559,0.5769
F117107,0.1945
F101367,0.0969
F108168,0.5597
F118918,0.4404
F124110,0.4338
F107400,0.4987
F122033,0.6439
F104052,0.2984
F113350,0.6098
F111725,0.0
F109860,0.3063
F115017,0.5256
F115259,0.6844
F110154,0.7679
F100926,0.2639
F102228,0.2503
F107046,0.5546
F108203,0.5084
F110248,0.4272
F117460,0.4937
F111352,0.7404
F116243,0.9037
F116045,0.5591
F115608,0.432
F120168,0.5317
F105327,0.9741
F121735,0.7341
F102094,0.4613
F106989,0.8615
F122140,0.5682
F124227,0.657
F113251,0.4297
F114648,0.2773
F104090,0.6982
F115262,0.2436
F121671,0.0756
F114856,0.7186
F104690,0.4302
F115407,0.9155
F117034,0.5786
F100882,0.1977
F104773,1.0
F118047,0.2116
F106758,0.4556
F119275,0.0
F119227,0.2284
F100915,0.4991
F117889,0.7162
F110862,0.1486
F115950,0.4377
F110491,0.7691
F113388,0.8322
F105406,0.8467
F112585,1.0
F113425,0.0
F119657,1.0
F114015,0.0
F122278,0.4722
F117549,0.1176
F117269,0.4212
F102282,0.8167
F112632,0.6058
F106548,0.4502
F113371,0.4109
F100565,0.3804
F105824,0.4446
F112686,0.8372
F100313,0.5033
F102864,0.2125
F102561,0.2413
F117260,0.6931
F106273,0.0205
F111251,0.5831
F100923,0.0703
F113779,0.1499
F111997,0.6238
F113741,0.5244
F110888,0.9678
F111977,0.7482
F123528,0.5857
F106677,0.5096
F100661,0.5326
F100583,0.8316
F123555,0.1579
F102949,0.4135
F110984,0.0137
F120760,0.4269
F114992,0.3496
F105399,0.7925
F101361,0.6907
F115286,0.7207
F123603,0.6051
F112157,0.0
F103395,0.5483
F122546,0.0
F115818,0.8003
F101579,0.4793
F102826,0.446
F112030,0.1344
F118090,0.6993
F104717,0.8116
F107042,0.3229
F100914,0.3195
F121925,0.7023
F124403,0.4133
F122063,0.406
F111873,0.3423
F106543,0.5335
F120447,0.2428
F105278,0.3358
F103430,0.5316
F121005,0.1155
F102069,0.6645
F119160,0.286
F113088,0.7266
F105670,0.3559
F117836,0.3878
F121697,0.3867
F116829,0.614
F117196,0.1789
F120476,0.193
F107450,0.6962
F101113,0.5687
F119438,0.4632
F107608,0.36
F104380,0.5859
F113557,0.291
F119095,0.5962
F117873,0.8548
F116469,0.8991
F109576,0.1352
F117267,0.7943
F108617,0.3698
F113710,0.6028
F106581,0.0904
F123084,0.1849
F122281,0.4776
F121761,0.3817
F100696,0.1256
F114106,0.5574
F106806,0.3516
F111904,0.4794
F104250,0.2936
F106718,0.2337
F113600,0.5308
F105276,0.3314
F113977,0.1722
F117702,0.3895
F122564,0.6889
F110176,0.1846
F108426,0.0187
F105515,0.5948
F103742,0.6441
F113197,0.4103
F111826,0.7972
F105450,0.6343
F119543,0.2933
F112551,0.5031
F110488,0.6094
F115910,0.5789
F100084,0.3342
F114669,0.0506
F113029,0.189
F115540,0.5112
F101528,0.5253
F100092,0.3048
F121075,0.0
F116053,0.4025
F105195,0.6808
F115779,0.3385
F118320,0.5885
F113937,0.9422
F107999,0.4079
F109671,0.5419
F119267,1.0
F115338,0.7823
F101746,0.1918
F123963,0.5017
F124023,0.1416
F120213,0.412
F122848,0.1013
F103793,0.658
F122575,0.4432
F101210,0.4291
F111055,0.6667
F103271,0.356
F118329,0.551
F115167,0.8453
F121921,0.3782
F118460,0.2617
F123992,0.5391
F119948,0.5475
F113756,0.2331
F121581,0.4225
F104847,0.3779
F100079,0.2233
F118513,0.5012
F105053,0.0159
F107072,0.5321
F109164,0.5456
F115544,0.495
F115440,0.4658
F109406,0.4726
F123244,0.5215
F102173,0.2049
F109606,0.2885
F103450,0.277
F117442,0.6063
F124027,0.7819
F107438,0.5593
F108206,0.3761
F110530,0.3445
F105180,0.8848
F101475,0.4884
F120643,0.1611
F101971,0.4305
F110419,0.2729
F108208,0.5561
F103955,0.5374
F102199,0.6324
F102866,0.3623
F101469,0.435
F120884,0.5208
F120979,0.4783
F113138,0.2449
F108392,0.08
F112571,0.3026
F116366,0.6366
F115051,0.7127
F114071,0.2047
F123677,0.4176
F100632,0.8368
F111189,0.8647
F111096,0.1696
F102899,0.6728
F103525,0.6121
F114179,0.4282
F116692,0.6355
F122962,0.6445
F122941,0.4182
F116922,0.4628
F113151,0.2867
F117317,0.9328
F108468,0.6584
F109959,0.5749
F116262,0.4872
F124497,0.4567
F123433,0.0381
F114656,0.7689
F104118,0.4809
F101713,0.7706
F116143,0.3962
F103943,0.7471
F109080,0.938
F113195,0.2569
F100613,0.6576
F102489,0.4477
F108495,0.3133
F119986,0.5736
F103849,0.337
F123067,0.8189
F100929,0.6831
F110998,0.4696
F120261,0.1271
F118143,0.8407
F114265,0.3436
F122816,0.9362
F123170,0.8226
F116737,0.6066
F101474,0.4107
F100949,0.391
F105609,0.4613
F109628,0.2648
F100974,0.0323
F117677,1.0
F123325,0.3683
F111536,0.2191
F100026,0.3473
F100237,0.0491
F102154,1.0
F107227,0.6907
F113643,0.2307
F119359,0.4413
F108239,0.5574
F101853,0.3537
F111985,0.5401
F106842,0.2781
F102316,0.0
F109925,0.0496
F119589,0.9092
F121088,0.5311
F107139,0.6987
F105227,0.464
F113754,0.3114
F108352,0.6243
F111743,0.3289
F104193,0.5639
F122728,0.1562
F116575,0.5834
F104657,0.7714
F104363,0.5485
F114139,0.7849
F108645,0.0736
F115289,0.5356
F111505,0.592
F119668,0.7107
F109619,0.8667
F104399,0.6287
F116968,0.5311
F112287,0.3453
F119242,0.1402
F123830,0.7582
F122770,0.5653
F107403,0.398
F107791,0.7047
F123172,0.318
F103170,0.7607
F123835,0.5321
F107829,0.5847
F106679,0.5476
F100267,0.8115
F117435,0.0618
F121772,0.6765
F105883,0.0866
F102508,0.1832
F124870,0.6262
F122787,0.7612
F116775,0.4637
F102960,0.3984
F108697,0.8848
F105934,0.6217
F102818,0.4301
F106076,0.1295
F104222,0.5666
F123272,0.0573
F112958,0.308
F114957,0.7679
F119503,0.747
F111915,0.4237
F124101,0.336
F108702,0.5276
F110112,0.6019
F117032,0.4128
F114132,0.039
F119528,0.3757
F103129,0.5856
F123730,0.5759
F112748,0.2678
F107833,0.1988
F111917,0.0568
F109988,0.3591
F114960,0.431
F105397,0.2664
F117747,0.2927
F108199,0.6304
F107145,0.525
F115759,0.94
F100468,0.3544
F119121,0.1568
F108262,0.1752
F103408,0.2771
F101847,0.7175
F121670,0.2523
F112737,0.3032
F114503,0.693
F109783,0.6453
F103803,0.534
F124502,0.5379
F107060,0.6009
F113618,0.5975
F110554,0.5687
F124142,0.0246
F111529,0.0
F120527,0.4419
F105910,0.3746
F123274,0.7123
F111962,0.5893
F117302,0.2183
F101737,0.6304
F101042,0.7382
F107198,0.2131
F103209,0.3281
F103520,0.2469
F106450,0.6671
F101965,0.3867
F101960,0.5535
F103817,0.4141
F121375,0.4915
F120557,0.5873
F112409,0.5237
F113466,0.426
F124133,0.4639
F119075,0.7453
F117661,0.6357
F110507,0.4567
F119758,0.7942
F101457,0.1756
F123685,0.5992
F110241,0.0474
F114878,0.5343
F117812,0.0586
F108721,0.587
F103700,0.1501
F110476,0.6807
F109487,0.7981
F115127,0.0776
F110759,0.6244
F103714,0.0
F104323,0.3252
F115758,0.2768
F120952,0.8467
F101923,0.6976
F115011,0.2533
F112113,0.387
F122248,0.3669
F122490,0.3035
F123819,0.5429
F114743,0.5193
F124820,0.5989
F107639,0.754
F117117,0.3416
F104612,0.2284
F116397,0.4118
F103469,0.1242
F105969,0.5448
F116203,0.5834
F118077,0.9827
F117563,0.5632
F116407,0.4067
F122795,0.0472
F102453,0.491
F114999,0.3863
F109520,0.3301
F101513,0.1947
F113423,0.5323
F104413,0.634
F101891,0.5723
F106597,0.2477
F109864,0.5403
F115201,0.6562
F121122,0.459
F118055,0.47
F118135,0.0
F108868,0.4605
F117319,0.5813
F116707,0.412
F108555,0.0715
F120365,0.6606
F118616,0.6684
F101170,0.3888
F104868,0.5292
F103136,0.0
F112200,0.2516
F104466,0.6253
F100659,0.3842
F120018,0.2323
F101718,0.7575
F102476,0.7118
F123173,0.279
F100338,0.2857
F111262,0.1924
F110898,0.9889
F101767,0.1561
F120823,0.5179
F108292,0.156
F107528,0.5067
F112036,0.8478
F123031,0.3373
F123116,0.4487
F119994,0.1681
F105513,0.1127
F115625,0.7192
F102366,0.9413
F123791,0.7292
F117502,0.3805
F105738,0.2303
F100399,0.3994
F113562,0.549
F124235,0.1737
F122241,0.5812
F109285,0.0434
F124489,0.8249
F118501,0.3783
F104964,0.5143
F110120,0.2939
F110175,0.8232
F112288,0.3399
F122352,0.6961
F119842,0.5938
F124660,0.9372
F116457,0.0073
F106012,0.4527
F107035,0.2567
F117519,0.7183
F105345,0.434
F113659,0.517
F100507,0.6037
F104165,0.4488
F105789,0.6006
F104705,0.2595
F107966,0.5653
F121867,0.6522
F123175,0.3976
F102857,0.2079
F105255,0.7858
F118790,0.3493
F119545,0.3138
F106294,0.3378
F112249,0.5393
F119245,0.4399
F123237,0.6243
F106545,0.824
F113494,0.1351
F122854,0.7435
F115410,0.4847
F106678,0.3523
F124022,0.5064
F122045,0.7527
F115878,0.2205
F111462,0.3157
F106121,0.2655
F114443,0.3788
F116687,0.3483
F107590,0.8595
F103603,0.8058
F105834,1.0
F118871,0.3559
F121666,0.2785
F103565,0.7185
F114849,0.4558
F124988,0.79
F115649,0.2649
F105801,0.3066
F109034,0.1325
F120938,0.4827
F104769,0.8585
F101860,0.8246
F100455,0.4112
F110707,0.8969
F114263,0.5144
F103345,0.5187
F124426,0.6167
F109118,0.3101
F101844,0.5676
F100306,0.2228
F101166,0.7775
F117542,0.1266
F102326,0.1392
F122480,0.5036
F103442,0.4744
F122230,0.5567
F103327,0.771
F111141,0.5325
F105312,0.668
F106891,0.8678
F120222,0.5797
F107630,0.2534
F110123,0.5288
F104846,0.1932
F104093,0.7843
F108154,0.5805
F115947,0.7675
F124909,0.7504
F116388,0.6058
F124153,0.5372
F113554,0.3432
F122504,0.5352
F122056,0.7922
F123752,0.5563
F122945,0.4491
F107968,0.3171
F122066,0.4472
F120998,0.8283
F111080,0.2983
F109249,0.5259
F101171,0.4205
F121221,0.2783
F119924,0.5815
F108453,0.7485
F117250,0.5695
F107656,0.6491
F105847,0.5589
F121429,0.5707
F112384,0.8064
F113551,0.3816
F100586,0.3633
F115434,0.3278
F114352,0.4716
F113218,0.3779
F109863,0.8999
F112751,0.6197
F115669,0.134
F119230,0.7469
F120634,0.5904
F116680,0.0053
F124700,0.5897
F119492,0.5764
F103881,0.5446
F118149,0.4339
F123376,0.0192
F113575,0.4453
F124869,0.4169
F110865,0.753
F114491,0.598
F118014,0.3666
F106623,0.4435
F114203,0.8166
F105485,0.2009
F124876,0.4096
F115428,0.4007
F107330,0.2645
F105082,0.752
F101920,0.197
F115153,0.2864
F120704,0.6374
F115409,0.2721
F113827,0.1736
F122559,0.6222
F110323,0.2907
F101292,0.541
F102798,0.014
F110262,0.3917
F120737,0.2985
F108412,0.6945
F100467,0.4415
F121988,0.2505
F110964,0.4412
F107733,0.2539
F114591,0.2717
F111805,0.3813
F124251,0.7615
F104572,0.8063
F120283,0.1943
F120083,0.2746
F113123,0.6287
F103125,0.8812
F102432,0.8915
F100413,0.567
F116279,0.9364
F111647,0.4778
F113260,0.6307
F121527,0.6729
F106833,0.5967
F116173,0.5145
F106920,0.4895
F118448,0.4634
F106072,0.9242
F118428,0.6689
F109286,0.1061
F112379,0.5336
F107259,0.2624
F102615,0.5143
F104515,0.4326
F115088,0.82
F100617,0.2197
F123845,0.0
F119233,0.4046
F111906,0.2039
F101694,1.0
F106459,0.9559
F102887,0.6178
F118363,0.5078
F120728,0.4913
F107896,0.3388
F120640,0.2232
F110909,0.2948
F113498,0.427
F106596,0.3504
F124318,0.5981
F110727,0.5426
F124476,0.9488
F108549,0.3043
F102172,0.877
F111235,0.0
F106899,1.0
F117025,0.4995
F108461,0.0436
F105581,0.288
F123577,0.8117
F124032,0.0
F119287,0.6997
F119765,0.5868
F108576,0.7067
F116957,0.474
F106267,0.2468
F118728,0.2808
F115729,0.6503
F108338,1.0
F106730,0.942
F100686,0.4788
F119228,0.1929
F114238,0.5561
F115521,0.3884
F113826,0.6982
F119402,0.0794
F100572,0.4803
F101927,0.505
F119949,0.0
F105291,0.7685
F116437,0.7823
F112560,0.395
F120251,0.5854
F116802,0.5406
F119389,0.3783
F123820,0.565
F115258,0.4429
F108717,0.3855
F124873,0.5406
F114476,0.3867
F120990,0.0
F110280,0.5327
F118657,0.0
F113653,0.4562
F111032,0.716
F113290,0.6583
F107206,0.5648
F124491,0.3585
F119960,0.2828
F121826,0.6305
F123661,0.3237
F108671,0.485
F115223,0.0831
F121220,0.5829
F114086,0.5802
F117521,0.0
F118466,0.3575
F116683,0.6096
F118171,0.7846
F110166,0.6012
F112793,1.0
F113420,0.2751
F102694,0.2406
F102964,0.5117
F123215,0.4921
F118699,0.6624
F102270,0.5534
F104899,0.4771
F108538,0.4096
F104794,0.2849
F122203,0.4199
F112607,0.2932
F111541,0.3233
F113437,0.6659
F123049,0.8885
F119923,0.5345
F120368,0.6752
F118895,0.7728
F105660,0.0988
F124404,0.6093
F109421,0.5459
F104861,0.6038
F106728,0.6024
F111376,0.5872
F111401,0.5575
F100055,0.5616
F111959,0.831
F106361,0.4342
F120508,0.3032
F113449,0.3654
F118005,0.4176
F122601,0.0593
F108612,0.4399
F103755,0.6792
F121622,0.2963
F111010,0.6364
F119381,0.7946
F122703,0.6071
F122400,0.1729
F110796,0.0
F113331,0.5801
F101594,0.3108
F107465,0.8385
F115404,0.3223
F119621,0.8333
F106096,0.3601
F104825,0.4138
F109950,0.1535
F103011,0.7382
F124445,0.7349
F113394,0.4442
F116310,0.553
F109653,0.7473
F101906,0.7923
F124258,0.3894
F124771,0.5058
F104353,0.2747
F111615,0.8471
F122025,0.85
F105961,0.3541
F109044,0.0957
F111966,0.7334
F113616,0.396
F119714,0.5431
F123900,0.3713
F119073,0.9034
F117729,0.6927
F124451,0.4424
F107197,0.605
F120751,0.8922
F122533,0.653
F102762,0.6325
F112275,0.3772
F122233,0.9358
F117584,0.7866
F104269,0.2695
F105982,0.4233
F103443,0.8792
F103575,0.7113
F119326,0.636
F112593,0.2062
F122920,0.7712
F113150,0.7388
F119218,0.4967
F123532,0.623
F108517,0.3155
F103185,0.604
F120372,0.8083
F120711,0.5635
F122751,0.4958
F117148,0.641
F101382,0.4448
F101336,0.1098
F114429,0.3923
F124005,0.4959
F121138,0.8968
F109305,0.0
F119626,0.5596
F117122,0.5685
F111279,0.291
F118491,0.58
F102456,0.785
F110852,0.0079
F100668,0.6687
F112299,0.28
F102114,0.1332
F106204,0.5891
F118897,0.3456
F116517,0.2805
F113990,0.4784
F114506,0.0
F111654,0.2186
F106633,0.4174
F122762,0.443
F100699,0.7773
F109879,0.4418
F120356,0.4453
F118778,0.6498
F116747,0.6645
F110375,0.3955
F123738,0.6572
F105665,0.2044
F105816,0.5046
F110774,0.4446
F116115,0.2594
F109791,0.2709
F107067,0.2351
F100460,0.264
F102418,0.2991
F124231,0.2131
F114886,0.5286
F106252,0.3468
F100257,0.1701
F104943,0.0178
F121152,0.5175
F104356,0.2086
F109046,0.9728
F107920,0.5031
F117808,0.4938
F103777,0.3696
F111618,0.327
F115354,0.5604
F123315,0.6346
F115553,0.2845
F116526,0.3176
F105329,0.9095
F108922,0.8741
F100893,0.5643
F108787,0.5741
F108348,0.5457
F110392,0.606
F110074,0.5959
F111830,0.6629
F120265,0.1714
F115731,0.4558
F102463,0.5093
F105099,0.2573
F107372,0.352
F120004,0.5282
F123034,0.7599
F103792,0.2364
F107862,0.4322
F101764,0.4253
F123095,0.1451
F115157,0.283
F105695,0.5155
F108869,0.4843
F100805,0.3172
F106507,0.133
F103990,0.7231
F100408,0.4396
F123377,0.262
F113528,0.5208
F121163,0.5645
F123739,0.5117
F108321,0.355
F124918,0.7888
F104700,0.5626
F101840,0.5294
F123321,0.5784
F102877,0.2957
F107592,0.5292
F114582,0.5394
F106039,0.0
F112757,0.7596
F107563,0.5194
F117984,0.8459
F105387,0.3882
F112488,0.5491
F106570,0.2923
F110540,0.234
F109644,0.4855
F100400,0.2298
F106529,0.0
F108678,0.5494
F104019,0.7015
F115149,0.5413
F114767,0.2739
F103317,0.7633
F120789,0.7569
F113443,0.4451
F115974,0.2891
F114782,0.9128
F119745,0.6291
F116956,0.471
F115065,0.8
F110714,0.5789
F117141,0.2519
F118792,0.434
F122720,0.6093
F113797,0.3784
F104571,0.7301
F110673,0.3226
F123743,0.2562
F109381,0.6974
F108237,0.7836
F118188,0.7795
F115807,0.7013
F102869,1.0
F110114,0.0
F113857,0.5656
F124597,0.4325
F114156,0.2821
F113250,0.0504
F111792,0.0071
F120739,1.0
F124167,0.6798
F100259,0.0311
F113089,0.2132
F108918,0.5364
F110007,0.6159
F106111,0.8195
F110720,0.1726
F110040,0.6845
F118599,0.9095
F102617,0.5317
F103444,0.6176
F120318,0.5151
F108864,0.128
F110043,0.0
F106282,0.4117
F112276,0.0
F100776,0.4344
F104307,0.4893
F122548,1.0
F118663,0.3911
F114708,0.2585
F124741,0.0
F104456,0.3249
F122574,0.2858
F101496,0.2283
F108394,0.3838
F116509,0.5954
F106097,0.2802
F113324,0.2603
F118593,0.25
F113086,0.6784
F110808,0.5141
F100136,0.0754
F101989,0.2105
F109684,0.2512
F103649,0.237
F100141,0.2349
F109178,0.3697
F109905,0.5764
F101922,0.8189
F101696,0.435
F115422,0.5148
F124874,0.6797
F116487,0.5503
F119951,0.7462
F124326,0.3208
F120829,0.7408
F119119,0.2744
F114796,0.0
F118840,0.8666
F124248,0.1871
F109580,0.4087
F107136,1.0
F104787,0.5256
F115471,0.5697
F123749,0.7315
F114393,0.1029
F107114,0.4012
F117290,0.6731
F113147,0.26
F109220,0.8436
F113488,0.5839
F105614,0.5875
F117192,0.7996
F104578,0.2118
F106195,0.5436
F122859,0.6346
F114905,0.4161
F109680,0.5502
F109739,0.6776
F108604,0.4083
F119926,0.9829
F110659,0.5437
F101133,0.5951
F102359,0.6061
F115119,0.6606
F100481,0.3528
F117859,0.2256
F111367,0.8513
F120758,0.5509
F124992,0.7947
F114467,0.7273
F120538,0.6908
F110162,0.6561
F119008,0.7931
F122180,0.8727
F106379,0.1988
F110006,0.4773
F110663,0.7367
F100436,0.8344
F112795,0.7207
F101091,0.662
F118900,0.5199
F101816,0.5642
F112398,0.7247
F106224,0.5247
F123501,0.5219
F103475,0.6362
F102363,0.434
F105358,0.692
F104829,0.4618
F100457,0.4901
F107272,0.6987
F102041,0.5261
F111053,0.409
F100347,0.3688
F123204,0.3587
F108279,0.6698
F100616,0.5625
F108313,0.806
F123197,0.5688
F118854,0.541
F100132,0.4096
F112656,0.7511
F103975,0.5218
F119818,1.0
F121143,0.5388
F107244,0.3003
F108060,0.4697
F122894,0.1366
F111741,0.4224
F100069,0.504
F106307,0.2596
F115312,0.3276
F105512,0.8682
F106320,0.5469
F113802,0.5738
F121722,0.6495
F118239,0.108
F111846,0.2587
F102514,0.2301
F121294,0.4436
F111037,0.6196
F115006,0.4816
F107019,0.3873
F113761,0.2361
F111747,0.4246
F105680,0.602
F111048,0.8627
F124061,0.4898
F115904,0.7647
F118516,0.6915
F123588,0.9043
F120515,0.6282
F111559,0.6664
F106530,0.3824
F103372,0.3149
F111819,0.4527
F121033,0.6372
F108710,0.2104
F107884,0.2512
F100319,0.319
F105786,0.471
F102699,0.1237
F113881,0.1957
F117405,0.3962
F114220,0.3735
F113586,0.7482
F106525,0.4486
F110030,0.2928
F115547,0.6134
F118093,0.2518
F118288,0.2826
F117867,0.499
F110432,0.2998
F106511,0.5197
F103281,0.1419
F104923,0.3175
F111180,0.2884
F105481,0.2252
F108121,0.534
F114918,0.3548
F109409,0.3989
F116426,0.0657
F117672,0.2152
F101721,0.0
F109833,0.0599
F111326,0.7125
F123753,0.1122
F113958,0.5432
F100596,0.1197
F113235,0.6344
F114019,0.981
F115717,0.49
F100113,0.6712
F103440,0.4307
F121111,0.4156
F124067,0.4069
F113172,0.2332
F123524,0.5035
F114516,0.4959
F101435,0.3629
F120671,0.579
F115009,0.5012
F106993,0.79
F117466,0.2864
F115617,0.5595
F105878,0.25
F123053,0.6577
F123785,0.5191
F114574,0.1251
F107437,0.7352
F119096,0.8907
F104087,0.3404
F117074,0.1801
F122044,0.6357
F100786,0.4188
F120152,0.4022
F112490,0.5656
F119390,0.0618
F111026,0.4968
F122510,0.6842
F109558,0.2174
F111445,0.5868
F117942,0.5888
F104579,0.3904
F103727,0.9752
F106317,0.8369
F103178,0.1716
F117328,0.5734
F107768,0.3891
F106182,0.5689
F121044,0.3645
F102099,0.344
F100232,0.8301
F112679,0.6941
F102509,0.4094
F113624,0.4006
F114772,0.799
F110692,0.5605
F104192,0.0
F113629,0.3756
F102074,0.1462
F121676,0.5661
F111755,0.4448
F114514,0.3403
F120982,0.7814
F112752,0.5828
F120043,0.6515
F108265,0.8298
F124681,0.5962
F108606,0.3725
F112858,0.3403
F121092,0.0
F101178,0.9633
F107149,0.7278
F104620,0.3481
F108318,0.1775
F107654,0.5823
F124896,0.0816
F116837,0.5506
F117222,0.547
F120007,0.6098
F102435,0.4732
F123038,0.1882
F116970,0.3699
F113000,0.9072
F108487,0.4328
F120673,0.338
F120239,0.3821
F117180,0.5797
F122650,0.6293
F106958,0.0118
F114174,0.7282
F121865,0.2703
F117237,0.4523
F106635,0.2509
F124182,0.2943
F120917,0.3066
F110858,0.7608
F119426,0.5707
F110089,0.4089
F122620,0.7164
F101935,0.2319
F104613,0.5185
F102298,0.3649
F120586,0.8687
F100046,0.7317
F100068,0.2709
F102329,0.2833
F105785,0.5158
F112586,0.4353
F105272,0.5802
F121977,0.3928
F120410,0.62
F115283,0.635
F108848,0.5866
F115528,0.3364
F108267,0.1983
F112105,0.4563
F101488,0.7294
F114547,0.7357
F102462,0.3413
F102570,0.5213
F101198,0.7107
F121192,0.7187
F117306,0.5512
F117285,0.3199
F107695,0.6455
F124003,1.0
F123512,0.7485
F118443,0.4069
F124277,0.2752
F112461,0.2459
F110384,0.1645
F114740,0.4948
F113960,0.4317
F103179,0.505
F117723,0.4421
F120387,0.717
F100111,0.0
F112568,0.4716
F107646,0.6654
F106897,0.0
F100238,0.2961
F103622,0.131
F111812,0.5077
F103416,0.4025
F123299,0.2884
F107544,0.118
F110978,0.6498
F106090,0.3268
F108764,1.0
F100397,0.5513
F116463,0.6811
F116126,0.26
F120209,0.5213
F123346,0.3338
F101739,0.729
F108434,0.3859
F115005,0.3604
F123862,0.3852
F124180,0.1359
F124448,0.8249
F114337,0.9125
F103674,0.3395
F108345,1.0
F115688,0.31
F110266,0.2606
F100735,0.5667
F116776,0.443
F117603,0.9332
F109916,0.5976
F105859,0.7537
F120267,0.3806
F100041,0.7291
F114112,0.4661
F122517,0.4738
F109629,0.3804
F112903,0.6048
F108998,0.5425
F108069,0.6509
F116501,0.344
F105122,0.8397
F112860,0.7128
F118610,0.3701
F105353,1.0
F123045,0.4894
F107278,0.1957
F100318,0.6207
F109681,0.4436
F101889,0.4208
F100483,0.6298
F118673,0.6913
F116600,0.7437
F116252,0.5513
F112777,0.6367
F115402,0.4385
F113566,0.283
F119293,0.4696
F110165,0.2235
F103713,0.6824
F105509,0.5295
F120449,0.5526
F120972,0.4549
F104940,0.4467
F124352,0.9324
F119526,0.7253
F106770,0.3704
F104770,0.2554
F109952,0.6165
F116873,0.7261
F101875,0.0941
F111046,0.0
F117438,0.6688
F106212,0.6661
F109351,0.6275
F110387,0.5093
F108809,0.6696
F119580,0.7584
F114125,0.4101
F112232,0.7316
F113903,0.6207
F120591,0.4031
F114403,0.0
F105295,0.5135
F112464,0.3407
F117381,0.6544
F110755,0.9645
F118218,0.6481
F113302,0.3671
F106722,0.7821
F124082,0.9021
F113021,0.9532
F102532,0.2974
F121063,0.587
F101080,0.2915
F104395,0.7246
F103376,0.0182
F110041,0.6217
F111916,0.6384
F116200,0.6606
F103431,0.2093
F118538,0.1769
F123514,0.3201
F104533,0.7089
F103570,0.655
F109084,0.2944
F114609,0.585
F108504,0.2438
F116434,0.7906
F108227,0.4282
F100127,0.412
F101259,0.8182
F107802,0.7344
F123662,0.1563
F123505,0.3066
F103341,0.5242
F101878,0.411
F122335,0.6014
F114926,0.5123
F112749,0.4517
F120743,0.563
F102372,0.6988
F120013,0.2814
F102001,0.7927
F100244,0.0772
F113693,0.2624
F115722,0.5878
F101725,0.1972
F114785,0.6907
F124588,0.7247
F118819,0.4764
F103671,0.2432
F111594,0.0
F124455,0.4489
F121918,0.824
F122591,0.5383
F113369,0.4507
F118722,0.4057
F116016,0.4958
F113935,0.599
F109356,0.5278
F111987,0.2853
F110258,0.4126
F107097,0.736
F112730,0.4542
F103556,0.2604
F123019,0.3661
F110793,0.3997
F103710,0.5722
F118667,0.5392
F108881,0.1533
F100493,0.1306
F103069,0.493
F121785,0.7095
F113336,0.5509
F114546,0.5807
F105586,0.4142
F104295,0.552
F102582,0.1569
F109445,0.5585
F103267,0.7478
F107720,0.7852
F120164,0.5491
F113248,0.6608
F122136,0.3936
F107342,0.1374
F124093,0.7602
F113243,0.2106
F120506,0.2336
F102954,0.5403
F112163,0.5551
F115510,0.6299
F118183,0.1221
F121201,0.3576
F101329,0.8856
F100788,0.0848
F119650,0.1875
F102550,0.4437
F107739,0.087
F114153,0.5479
F109546,0.4854
F117778,0.7174
F103118,0.3915
F111196,0.1747
F122656,0.8647
F115843,0.0
F124569,0.5849
F108409,0.3262
F124571,0.7889
F114093,0.2082
F103005,0.7001
F110783,0.6719
F110012,0.3227
F113210,0.5021
F105146,0.3015
F105652,0.5849
F111864,0.3961
F121625,0.4501
F108092,0.6716
F119396,0.8829
F107290,0.5843
F109707,0.273
F103049,0.9565
F118042,0.5851
F121709,0.417
F122875,0.6198
F115222,0.8424
F124603,0.0
F115790,0.3312
F115559,0.1448
F122931,0.2339
F123003,0.6521
F120315,0.5524
F106856,0.2976
F105944,0.0889
F119016,0.4329
F120432,0.8594
F103390,0.5432
F123832,0.1659
F104267,0.478
F124155,0.4054
F122499,0.2098
F112590,0.1394
F108794,0.8849
F117884,0.5346
F101414,0.0601
F124838,0.1042
F120618,0.5288
F114940,0.6203
F116288,0.1526
F104706,0.631
F119711,0.6095
F121160,0.8067
F119881,0.9103
F110371,0.5467
F110281,0.6927
F121284,0.2179
F114100,0.9345
F120596,0.3842
F109962,0.2681
F102036,0.5431
F113259,0.8468
F112953,0.5614
F118878,0.4573
F108423,0.5313
F106936,0.6731
F100189,0.3474
F123756,1.0
F124602,0.5791
F106319,0.8993
F110584,0.5237
F118770,0.3376
F101006,0.0229
F107568,0.6208
F124706,0.1455
F106804,0.2637
F117933,0.4244
F122431,0.4934
F123497,0.3972
F113675,0.3235
F119945,0.6077
F116032,0.4689
F121432,0.3495
F103034,0.4825
F102413,0.4789
F123265,0.5333
F115676,0.4109
F118594,0.2192
F124788,0.2241
F117485,0.4483
F102109,0.7744
F105283,0.5474
F105569,0.269
F123605,0.6374
F122857,0.4157
F118086,0.4074
F106134,0.3368
F103631,0.6714
F112675,0.7031
F116646,0.5915
F115298,0.4692
F115971,0.3424
F120695,0.6369
F101541,0.0701
F104516,0.8566
F124852,0.8777
F117490,0.4276
F123294,0.5607
F116042,0.2399
F115598,0.4391
F124606,0.3558
F123131,0.4241
F114418,0.6931
F102839,0.7999
F121594,0.3255
F112979,0.5085
F122535,0.3341
F122674,0.2921
F105220,0.6444
F105256,0.5084
F122730,0.406
F108822,0.0003
F111793,0.3755
F123812,0.5523
F118476,0.5129
F120551,0.557
F121677,0.5055
F123876,0.5732
F121835,0.3365
F100352,0.2004
F107783,0.3402
F119602,0.6878
F111614,0.8771
F112908,0.5112
F121458,0.5419
F116574,0.7013
F122101,0.5346
F110102,0.3318
F113364,0.2872
F119090,0.441
F117669,0.9104
F107548,0.7098
F111353,0.6172
F107793,0.2153
F109456,0.6065
F119190,0.5254
F100871,0.4628
F124789,0.3671
F122820,0.3188
F116446,0.2774
F101547,0.477
F121456,0.0416
F108139,0.4469
F102688,0.0673
F100211,0.7639
F120738,0.634
F109492,0.5444
F105571,0.3697
F113667,0.3628
F109585,0.391
F114159,0.3365
F115270,0.5593
F117514,0.1367
F114057,0.6399
F111332,0.5568
F114967,0.3259
F122004,0.6356
F108552,0.7481
F101761,0.2761
F119131,0.539
F102445,0.1269
F110385,0.3561
F123025,0.503
F103895,0.4286
F100394,0.0135
F123103,1.0
F124655,0.8392
F106034,0.2959
F109975,0.2281
F100749,0.5203
F124485,0.2439
F121707,0.2745
F101121,0.4349
F105246,0.2204
F102499,0.6906
F102212,0.6591
F115575,0.5539
F113552,0.5184
F105535,0.3873
F113396,0.4693
F101324,0.3645
F120553,0.6708
F104704,0.473
F121960,0.3009
F112070,0.806
F121825,0.0
F121673,0.1753
F103434,0.5637
F105296,0.8047
F122516,0.2416
F100670,0.5799
F104567,0.33
F108055,0.2282
F106746,0.5206
F100150,0.2391
F116429,0.1054
F111914,0.6658
F101880,0.4751
F110294,0.4402
F106303,0.0
F122586,0.565
F102804,0.6525
F104494,1.0
F117225,0.298
F104177,0.0
F107056,0.3606
F100299,0.1433
F112302,0.9596
F114859,0.0
F121982,0.3339
F116403,0.5982
F119557,0.1468
F104582,0.548
F102354,1.0
F122838,0.4127
F105431,0.3817
F123713,0.5487
F106613,0.5823
F105958,0.4377
F101181,0.0325
F104204,0.6196
F105710,0.3091
F107665,0.2412
F124567,0.6546
F123109,0.6828
F103918,0.5047
F124696,0.2727
F117096,0.2856
F105187,0.531
F122220,0.2862
F114107,0.4676
F112136,0.2556
F118032,0.8764
F109142,0.6688
F106222,0.5007
F106298,0.5731
F101655,0.8181
F108665,0.344
F104263,0.6505
F123869,0.246
F124312,0.3723
F120942,0.0709
F107799,0.3566
F105173,0.5862
F119324,0.5636
F120332,0.0943
F114902,0.3525
F105902,0.3897
F101001,0.4969
F111473,0.0497
F110267,0.2512
F102348,0.354
F118913,0.1966
F116563,0.215
F110458,0.5349
F110179,0.4203
F108014,0.6844
F102159,0.3277
F118487,0.4688
F114608,0.4183
F110313,0.523
F124704,0.97
F102057,0.4061
F100241,0.5636
F121196,0.4979
F107331,0.6129
F116932,0.6762
F113258,0.8134
F109453,0.4922
F110831,0.6198
F116694,0.1389
F100843,0.6277
F104817,0.5137
F103448,0.4995
F109161,0.2941
F112255,0.2334
F118347,0.7717
F108525,0.4443
F121777,0.6613
F110202,0.8066
F122209,0.1016
F119286,0.9199
F110827,0.7808
F105330,0.3411
F106960,0.2938
F116733,0.1675
F114348,0.4283
F109408,0.6032
F109497,0.6846
F105552,0.5328
F109376,0.2015
F115208,0.4668
F103353,0.5184
F104806,0.3269
F103276,0.9111
F117153,0.5029
F109447,0.5122
F117572,0.7476
F120533,0.8035
F102829,0.911
F123721,0.203
F117607,0.7967
F121646,0.8541
F108865,0.0191
F118222,0.3576
F116585,0.5678
F100804,0.5646
F109867,0.268
F104274,0.7685
F122752,0.4091
F108635,0.4163
F115699,0.1682
F109846,0.4131
F103151,0.5997
F121216,0.5362
F100833,1.0
F103664,0.8135
F114986,0.7487
F106330,0.3483
F112616,0.1514
F117516,0.6301
F103206,0.545
F102168,0.7816
F119550,0.6624
F117544,0.3272
F111964,0.3302
F108758,0.7284
F122380,0.2928
F108388,0.5637
F105221,0.4295
F112011,0.6681
F122060,0.8797
F119625,0.4189
F116159,0.4413
F118197,0.7394
F122855,0.0
F103280,0.4135
F123066,0.5542
F114489,0.1398
F113341,0.4549
F123104,0.5876
F121913,0.4965
F116967,1.0
F117692,0.7388
F114449,0.5253
F114917,0.4897
F106626,0.3661
F105752,0.7866
F110180,0.2003
F122579,0.6986
F104771,0.5154
F122049,0.3555
F121834,0.3133
F105643,0.3925
F103538,0.4628
F104641,0.3266
F105709,0.4421
F103610,0.2405
F120886,0.0447
F114229,0.4793
F124875,0.5894
F110680,0.4708
F101671,0.2576
F112428,0.5212
F102048,0.6686
F121862,0.2292
F106191,0.3853
F104268,0.2695
F121265,0.8274
F110088,0.0
F116110,0.5002
F124891,0.3111
F110683,0.6348
F100801,0.5469
F104725,0.7789
F105176,0.0
F108128,0.3148
F120237,0.6976
F100023,0.866
F110705,0.7043
F115600,0.3383
F124518,0.748
F120303,0.6584
F123287,0.3629
F120924,0.7753
F109199,0.1911
F102014,0.3604
F105763,0.4459
F105638,0.8321
F112786,0.3551
F120516,0.216
F107868,0.3429
F115045,0.6435
F103465,0.2226
F115988,0.4461
F100205,0.6448
F113413,0.2769
F113198,0.9305
F101460,0.8226
F106150,0.6024
F110552,0.5072
F114387,0.7735
F116026,0.6325
F100626,0.1332
F123500,0.396
F103668,0.3321
F101415,0.4532
F118214,0.9778
F116914,0.2989
F111586,0.4098
F101520,0.1787
F113776,0.2009
F100242,0.4307
F121541,0.4558
F114306,0.7914
F104640,0.2715
F115144,0.7324
F117476,0.5635
F119201,0.6726
F119942,0.7872
F121040,0.6249
F106973,1.0
F118779,0.4967
F122201,0.5204
F116886,0.6095
F102466,0.0782
F102121,0.3652
F108853,0.1475
F117553,0.2051
F104284,0.7875
F116616,0.0946
F117409,0.3571
F111888,0.0932
F106624,0.5934
F120501,0.4518
F101295,0.572
F124986,0.3445
F109667,0.5218
F124245,0.6613
F102754,0.3248
F118902,0.4125
F100537,0.3029
F114802,0.2341
F124943,0.7623
F107886,0.4858
F122870,0.0
F112378,0.4821
F100221,0.3871
F113208,0.1782
F104351,0.634
F115314,0.5876
F117939,0.8929
F109436,0.7667
F116634,0.2906
F115383,0.1126
F107327,1.0
F108158,0.4134
F114614,0.7149
F123110,0.3297
F108691,0.6892
F107857,0.6494
F107919,0.6611
F115243,0.7726
F123530,0.4969
F103297,0.4443
F108000,0.0197
F100174,0.0531
F110677,0.1255
F123806,0.0039
F104614,0.7332
F106828,0.8198
F118335,0.3383
F116127,0.2892
F106574,0.3501
F114778,0.6569
F122104,0.3126
F111475,0.6215
F104444,0.4988
F116934,0.036
F122685,0.5502
F106771,0.7625
F114030,0.4676
F114040,0.8802
F123008,0.6458
F117483,0.9416
F123134,0.651
F109641,0.8401
F100021,0.4883
F102331,0.281
F110192,0.4316
F112160,0.4109
F114617,0.1844
F101262,0.887
F102042,0.6702
F114016,0.5923
F105974,0.6123
F121644,0.1866
F115526,0.1726
F120734,0.4875
F119489,0.5618
F108299,0.2927
F124615,0.6225
F102652,0.3579
F117699,0.293
F118761,0.5665
F123637,0.3043
F108355,0.6494
F100950,0.0349
F116741,0.3562
F112787,0.2258
F109995,0.6886
F113120,0.013
F106926,0.2593
F119874,0.4717
F117045,0.655
F107271,0.9182
F100737,0.1658
F115949,0.7972
F100611,0.1264
F111171,0.4233
F110406,0.5158
F117598,0.8469
F102524,0.708
F114340,0.4132
F106448,0.3683
F115408,0.3896
F112179,0.2042
F121369,0.6694
F110713,0.6027
F102955,0.8416
F105074,0.3306
F117019,0.6554
F101572,0.5954
F117916,0.2642
F120541,0.7045
F116099,0.9643
F115933,0.8182
F104099,0.6824
F111550,0.0973
F116738,0.6702
F114550,0.1716
F120782,0.9159
F109113,0.5732
F123023,0.4337
F107213,1.0
F123540,0.3472
F113169,0.6015
F105377,0.3752
F107084,0.3426
F103456,0.4601
F103227,0.0601
F120513,0.1228
F100015,0.1954
F122876,0.4975
F116229,0.4665
F119012,0.1182
F112286,0.2573
F107104,0.3915
F101822,0.8086
F109747,0.1718
F101029,1.0
F115060,0.0069
F117560,0.3723
F119779,0.0846
F104595,0.3567
F114554,0.6632
F101801,0.3811
F117575,0.4265
F112592,0.4071
F118845,0.2707
F102220,0.0991
F124831,0.3104
F119264,0.8132
F122355,0.6653
F108102,0.5223
F120918,0.1458
F123443,0.02
F106225,0.8896
F104738,0.3875
F114417,0.6879
F121976,0.524
F106774,0.8191
F104638,0.1001
F119039,0.6316
F111484,0.7118
F110971,0.4294
F117772,0.4883
F122712,0.1039
F108402,0.3236
F100396,0.2144
F101740,0.5807
F103705,0.5122
F111554,0.9038
F106067,0.1748
F100543,0.0
F113299,0.3969
F124487,0.0
F103540,0.6575
F104227,0.4405
F124262,0.9223
F106168,0.8078
F121499,0.8296
F107348,0.0997
F115613,0.7072
F100972,0.0
F114882,0.1073
F101137,0.7994
F106247,0.0572
F113304,0.7095
F123030,0.4669
F105610,0.7944
F112978,0.7103
F116077,0.2986
F118456,0.5397
F103194,0.3882
F115574,0.21
F112544,0.0783
F119809,0.5233
F114611,0.3594
F108134,0.4536
F100329,0.2707
F108247,0.6703
F123227,0.1555
F121253,0.5163
F104626,0.4144
F124350,0.5053
F113339,0.7295
F102915,0.8681
F114654,0.2771
F105273,0.5559
F100033,0.6529
F102742,0.454
F120354,0.3237
F124715,0.2412
F110031,0.5923
F107906,0.419
F120793,0.2831
F111450,0.2921
F118964,0.7308
F114254,0.0506
F106058,0.219
F120668,0.5402
F120913,0.8835
F117160,0.1738
F106648,0.8858
F116726,0.9609
F124577,0.3804
F111525,0.5103
F112745,0.866
F119702,0.7129
F102116,0.0415
F108772,0.4923
F107424,0.4158
F103479,0.2415
F123149,0.453
F111072,0.3797
F122097,0.7074
F114087,0.7894
F104809,0.4047
F114098,0.7968
F116880,0.676
F100450,0.5935
F119057,0.3236
F103666,0.4785
F120106,0.0844
F106571,0.3035
F103970,0.1072
F123969,0.5896
F111255,0.164
F103344,0.2174
F119143,0.6643
F116577,0.8539
F114734,0.4606
F111250,0.4702
F115135,0.8224
F117362,0.5416
F122260,0.5815
F121277,0.7184
F114783,0.6226
F118109,0.361
F100387,0.5351
F116031,0.1923
F109014,0.6225
F117456,0.4255
F113480,0.4504
F110667,0.5861
F101209,0.1907
F117971,0.7604
F112292,0.6576
F117732,0.454
F120448,0.7354
F119957,0.5161
F102918,0.2816
F122528,0.4125
F106419,0.677
F106697,0.8931
F109567,0.2866
F104619,0.5333
F102647,0.3451
F123916,0.1489
F109131,0.5718
F108962,0.3559
F104775,0.6894
F110756,0.0
F113157,0.9612
F102997,0.5217
F110631,0.0
F115863,1.0
F118447,0.4329
F121168,0.4067
F111636,0.6471
F117868,0.2276
F111859,0.0
F109735,0.5669
F105767,0.2639
F117143,0.6254
F116763,0.0748
F106437,0.0
F102046,0.1789
F107609,0.6269
F110945,0.3822
F105453,0.0
F105821,0.5022
F116964,0.538
F119609,0.6328
F120583,0.1218
F106125,0.5418
F123144,0.3091
F119423,0.5405
F100607,0.4053
F116199,0.624
F101866,0.4493
F104493,0.4896
F116889,0.2122
F109869,0.5709
F112334,0.8537
F119889,0.7256
F122065,0.3656
F100180,0.0052
F115350,0.9905
F109477,0.3674
F107499,0.5144
F105684,0.4991
F100048,0.436
F113232,0.1247
F108315,0.2617
F118372,0.3682
F110926,0.2417
F118041,0.5396
F104956,0.689
F122913,0.3124
F116989,0.6336
F111260,0.5291
F105667,0.607
F100714,0.1616
F122146,0.3123
F119385,0.608
F103670,0.4495
F111921,0.6666
F107414,0.1372
F110289,0.0
F104935,0.0585
F115644,0.0
F118561,0.0247
F100682,0.6718
F119620,0.2839
F102396,0.6963
F100888,0.3275
F124987,0.1225
F123840,0.8996
F120103,0.398
F102143,0.5879
F112685,0.3068
F101695,0.3259
F111547,0.3477
F106878,0.5922
F105463,0.505
F109522,0.4703
F111452,0.5326
F111170,0.0548
F114262,0.374
F120833,0.5191
F102365,0.4327
F121002,0.1025
F109692,0.326
F105334,0.6888
F106531,0.892
F109518,0.3468
F120188,0.6181
F122584,0.6368
F115206,0.5978
F107333,0.6595
F116085,0.7193
F121053,0.588
F120289,0.7948
F102184,0.5126
F114959,0.6358
F110254,0.3463
F105043,0.0261
F119184,0.2616
F109940,0.9907
F108876,0.6491
F122769,0.9222
F123482,0.4438
F120725,0.8532
F106669,0.2103
F116794,0.2925
F104178,0.4606
F105928,0.6459
F115701,0.4292
F108235,0.0
F116928,0.0596
F118749,0.4383
F121008,0.1116
F103694,0.588
F114240,0.0
F120027,0.3632
F124782,1.0
F116378,0.7035
F105209,0.1598
F112018,0.5412
F106250,0.3944
F109953,0.3988
F101543,0.7818
F121509,0.4071
F105628,0.8186
F115546,0.4922
F100704,0.0596
F110368,0.9896
F121528,0.7951
F101100,0.4754
F112525,0.7764
F121356,0.348
F115951,0.8409
F107795,0.3173
F108817,0.4152
F111387,0.478
F117804,0.1894
F110936,0.4693
F114004,0.251
F107270,0.5029
F119956,1.0
F111828,0.5439
F107203,0.4004
F116496,0.0
F119361,0.7831
F115552,0.5261
F113702,0.849
F111225,0.0823
F116943,0.4024
F111429,0.7044
F113806,0.4432
F123307,0.5334
F119728,0.2385
F103180,0.7971
F108160,0.384
F119338,0.5575
F105024,0.6525
F100983,0.3883
F118064,0.1657
F108152,0.5512
F102301,0.3281
F107420,0.5938
F112453,0.3892
F121252,0.4301
F103182,0.1798
F102746,0.8584
F110087,0.8818
F106141,0.5089
F107022,0.1687
F103397,0.5036
F118137,0.5444
F122022,0.3606
F116906,0.3565
F123841,0.5711
F100930,0.1972
F119076,0.0
F120302,0.8222
F105583,0.5424
F100630,0.3636
F108776,0.492
F119459,0.2223
F112620,0.4423
F108675,0.2599
F115164,0.6417
F116255,0.58
F108207,0.6028
F121915,0.5913
F122673,0.2959
F122512,0.5233
F105207,0.5539
F112600,0.2992
F109251,0.4412
F124775,0.0964
F107159,0.4237
F114438,0.4821
F116936,0.3729
F109971,0.4123
F107529,0.3642
F105347,0.3692
F119872,0.7575
F124963,0.5198
F101527,0.4583
F123725,0.8785
F109802,0.4012
F105605,0.4272
F114987,0.4014
F120330,0.1219
F112090,0.0275
F106455,0.1722
F111162,0.4486
F113014,0.3296
F103680,0.3928
F115260,0.5104
F118706,0.2626
F108389,0.4712
F108743,0.8989
F120572,0.5027
F102141,0.5009
F102149,0.2586
F107157,0.3911
F106026,0.3508
F122189,0.5049
F102726,0.5468
F114612,0.3847
F104564,0.4863
F116599,0.1803
F120026,0.622
F114143,0.7566
F114824,0.8524
F108145,0.3599
F118207,0.6627
F120984,1.0
F107103,0.4236
F111360,0.6348
F109123,0.4518
F103665,0.8135
F114115,0.4695
F120105,0.0084
F102511,0.6502
F119174,0.5949
F123222,0.7457
F102727,0.6114
F106054,0.4815
F108133,0.0928
F102594,0.4009
F102784,0.4223
F102210,0.5956
F110644,0.4922
F108530,0.344
F122155,0.6291
F122742,0.3545
F124974,0.4804
F115568,0.5736
F120682,0.6934
F116180,0.7234
F106255,0.5159
F121255,0.8305
F111424,0.9585
F114445,1.0
F117142,0.5044
F119968,0.8058
F110742,0.219
F116012,0.1244
F109110,0.5142
F116905,0.6712
F103635,0.0
F101384,0.3131
F120545,0.693
F124205,0.3414
F116805,0.5776
F118784,0.5256
F119155,0.4081
F118983,1.0
F116295,0.5856
F118537,0.5106
F123906,0.8704
F121359,0.4358
F123295,0.3341
F121403,0.9597
F105128,0.6911
F111939,0.4125
F107201,0.3775
F117098,0.6266
F124004,0.5051
F115084,0.4316
F104987,0.9645
F124186,0.0576
F124105,0.1732
F100614,0.5322
F115920,0.6551
F107100,0.8463
F104083,0.6361
F110329,0.5554
F113009,0.7458
F116174,0.3116
F103588,0.5854
F124689,0.3926
F104814,0.7025
F100589,0.4952
F104918,0.6075
F119414,0.2965
F113072,0.6785
F109966,0.4517
F102358,0.7276
F114326,0.6554
F102052,0.2569
F121229,0.4866
F115500,0.6422
F117940,0.3822
F100940,0.5183
F105314,0.4144
F105479,0.5462
F115016,0.7226
F114400,0.1688
F118291,0.3443
F112755,0.4494
F113345,1.0
F111589,0.6817
F112817,0.1825
F115899,0.3462
F122372,0.4825
F107231,0.9307
F121736,0.3065
F103552,0.5652
F102797,0.3984
F107172,0.1664
F121740,0.9415
F113209,0.3336
F120175,0.3547
F114435,0.3042
F122370,0.9321
F116097,0.3812
F101462,0.7719
F114465,0.4391
F107880,0.3852
F101812,0.4923
F114561,0.5995
F107367,0.3162
F115881,0.3753
F118184,0.501
F118435,0.4536
F102307,0.7461
F110456,0.2414
F114310,0.9353
F104179,0.6225
F103967,0.9167
F104053,0.2981
F102255,0.0
F108364,0.3795
F109601,0.5882
F121027,0.6326
F117743,0.4022
F112974,0.1562
F102817,0.5888
F110737,0.4005
F118258,0.3281
F116592,1.0
F104465,0.3561
F104411,0.5669
F113596,0.6315
F105423,0.3891
F110800,0.0
F111584,0.5189
F110762,0.3087
F102313,0.4769
F102883,0.2797
F118260,0.9019
F105371,0.6076
F112383,0.1947
F111663,0.9749
F105549,0.699
F102976,0.6168
F122624,0.1016
F108589,0.5798
F120051,0.5305
F121364,0.0399
F119616,0.2746
F110951,0.2659
F113261,0.5863
F111331,0.0688
F124854,0.6562
F101161,0.6425
F113519,0.6807
F119417,0.8336
F106192,0.0711
F124302,0.5506
F112169,0.5947
F118414,0.3311
F123504,0.4753
F115492,0.2068
F110027,0.9848
F122387,0.338
F102191,0.2647
F111469,0.5939
F107154,0.6364
F113256,0.8046
F109932,0.3808
F113897,0.7861
F110652,0.3424
F100218,0.392
F105126,0.3471
F124361,0.3984
F111427,0.5167
F109730,0.5399
F119762,0.4351
F106408,0.4694
F103626,0.822
F119134,0.5141
F110594,0.3773
F116242,0.5012
F121193,0.578
F118548,0.7708
F105835,0.6735
F105554,0.4653
F109858,0.7214
F116096,0.4854
F105882,0.2067
F110250,0.943
F103660,0.4099
F113137,0.517
F116179,0.3967
F123870,0.3628
F102689,0.4394
F103467,0.7946
F110717,0.2547
F112042,1.0
F123857,0.3253
F103893,0.2725
F116119,0.274
F109816,0.6349
F108243,0.5263
F119586,0.5068
F108493,0.9341
F102503,0.6725
F101400,1.0
F113180,0.3095
F110497,0.2323
F121430,0.5419
F110788,0.3094
F107997,0.6438
F121538,0.6009
F103869,0.9138
F107074,0.2045
F111782,0.6953
F100715,0.658
F118689,0.4454
F116342,0.3969
F102560,0.4748
F112439,0.5446
F100383,0.1482
F109612,0.9626
F123239,0.4061
F103939,0.309
F104109,0.4325
F121393,0.6674
F112802,0.2828
F109757,0.3746
F106243,0.3306
F114576,0.5986
F120764,0.7541
F108968,0.7288
F122636,0.1526
F122776,0.4442
F106149,0.6118
F102986,0.5662
F109255,0.2765
